City_ID,City,Lat,Lng,Max Temp,Humidity,Cloudiness,Wind Speed,Country,Date
0,Narsaq,60.9167,-46.05,278.16,91,98,0.56,GL,2021-09-18 18:58:53
1,Avarua,-21.2078,-159.775,298.18,73,20,4.63,CK,2021-09-18 18:58:54
2,Noumea,-22.2763,166.4572,286.14,72,8,3.78,NC,2021-09-18 18:58:55
3,Flinders,-34.5833,150.8552,282.62,74,0,0.89,AU,2021-09-18 18:58:55
4,Ushuaia,-54.8,-68.3,278.96,70,0,0.0,AR,2021-09-18 18:58:56
5,Rikitea,-23.1203,-134.9692,295.65,77,61,5.97,PF,2021-09-18 18:58:56
6,Hobart,-42.8794,147.3294,282.07,74,75,6.69,AU,2021-09-18 18:55:10
7,Milkovo,54.7167,158.6167,277.3,67,95,2.0,RU,2021-09-18 18:58:57
8,Bambous+Virieux,-20.3428,57.7575,293.29,83,40,2.57,MU,2021-09-18 18:58:58
9,Mataura,-46.1927,168.8643,278.42,97,100,1.75,NZ,2021-09-18 18:58:58
10,Fairbanks,64.8378,-147.7164,277.31,83,40,0.0,US,2021-09-18 18:57:39
11,Lata,40.1629,-8.3327,291.93,79,5,2.13,PT,2021-09-18 18:58:59
12,Alta+Floresta,-9.8756,-56.0861,306.05,55,75,2.57,BR,2021-09-18 18:59:00
13,Kruisfontein,-34.0033,24.7314,288.09,72,0,7.81,ZA,2021-09-18 18:59:00
14,Butaritari,3.0707,172.7902,301.29,70,20,7.32,KI,2021-09-18 18:59:01
15,Barrow,71.2906,-156.7887,273.09,95,100,6.39,US,2021-09-18 18:59:01
16,Punta+Arenas,-53.15,-70.9167,281.21,76,75,5.14,CL,2021-09-18 18:59:02
17,Jamestown,42.097,-79.2353,298.16,74,86,1.34,US,2021-09-18 18:59:03
18,Puerto+Escondido,15.85,-97.0667,302.87,65,100,2.07,MX,2021-09-18 18:59:03
19,Cabo+San+Lucas,22.8909,-109.9124,306.82,71,75,3.13,MX,2021-09-18 18:58:55
20,Constantine,36.365,6.6147,297.82,69,20,4.12,DZ,2021-09-18 18:59:04
21,Ostrovnoy,68.0531,39.5131,276.33,87,19,0.35,RU,2021-09-18 18:55:35
22,Beloha,-25.1667,45.05,291.04,53,87,5.16,MG,2021-09-18 18:59:05
23,Lucapa,-8.4192,20.7447,297.94,56,75,1.35,AO,2021-09-18 18:59:05
24,Hilo,19.7297,-155.09,298.86,84,72,3.34,US,2021-09-18 18:59:06
25,Saint-Augustin,51.226,-58.6502,293.05,72,80,11.23,CA,2021-09-18 18:59:06
26,Carnarvon,-24.8667,113.6333,289.19,77,0,6.69,AU,2021-09-18 18:59:07
27,Plyussa,58.4308,29.3654,278.58,77,98,4.27,RU,2021-09-18 18:59:07
28,Darnah,32.767,22.6367,299.07,63,0,6.51,LY,2021-09-18 18:59:08
29,Cooma,-36.2333,149.1333,276.02,69,30,1.03,AU,2021-09-18 18:59:09
30,Kavieng,-2.5744,150.7967,301.42,75,47,5.89,PG,2021-09-18 18:59:09
31,Petauke,-14.2426,31.3253,290.82,76,18,7.31,ZM,2021-09-18 18:59:10
32,New+Norfolk,-42.7826,147.0587,281.87,70,100,0.45,AU,2021-09-18 18:59:10
33,Qaanaaq,77.484,-69.3632,263.7,73,95,2.69,GL,2021-09-18 18:59:11
34,Tasiilaq,65.6145,-37.6368,273.05,69,20,1.78,GL,2021-09-18 18:59:11
35,Cape+Town,-33.9258,18.4232,288.64,80,0,0.89,ZA,2021-09-18 18:56:57
36,Letlhakeng,-24.0944,25.0298,289.36,54,0,3.77,BW,2021-09-18 18:59:12
37,Merauke,-8.4667,140.3333,297.96,80,100,8.68,ID,2021-09-18 18:55:16
38,Stettler,52.3168,-112.7186,292.06,59,100,5.14,CA,2021-09-18 18:59:13
39,Pirot,43.1531,22.5861,287.0,87,0,0.81,RS,2021-09-18 18:59:13
40,Ayorou,14.7308,0.9174,309.07,32,16,3.01,NE,2021-09-18 18:59:14
41,Atuona,-9.8,-139.0333,298.67,75,2,8.17,PF,2021-09-18 18:59:15
42,Jimo,36.3897,120.4622,294.03,94,100,2.0,CN,2021-09-18 18:59:15
43,Castro,-24.7911,-50.0119,299.12,52,65,2.55,BR,2021-09-18 18:59:16
44,Vaini,-21.2,-175.2,296.24,94,75,3.09,TO,2021-09-18 18:59:16
45,Kodiak,57.79,-152.4072,282.65,66,0,4.64,US,2021-09-18 18:59:16
46,Upernavik,72.7868,-56.1549,268.35,54,26,2.74,GL,2021-09-18 18:59:17
47,Albany,42.6001,-73.9662,302.21,62,4,3.92,US,2021-09-18 18:59:17
48,Bredasdorp,-34.5322,20.0403,288.77,72,100,7.72,ZA,2021-09-18 18:59:18
49,Ponta+Do+Sol,32.6667,-17.1,296.55,59,75,3.05,PT,2021-09-18 18:59:18
50,Airai,-8.9266,125.4092,287.3,57,81,1.42,TL,2021-09-18 18:59:19
51,Ribeira+Grande,38.5167,-28.7,295.37,53,20,5.14,PT,2021-09-18 18:59:19
52,Svarstad,59.399,9.9698,285.27,51,100,0.79,NO,2021-09-18 18:59:20
53,Kapaa,22.0752,-159.319,300.14,77,98,7.75,US,2021-09-18 18:59:21
54,Alofi,-19.0595,-169.9187,297.09,100,8,2.06,NU,2021-09-18 18:59:21
55,Nikolskoye,59.7035,30.7861,282.09,81,99,2.91,RU,2021-09-18 18:59:22
56,Zhirnov,48.1709,41.1261,289.04,51,46,4.95,RU,2021-09-18 18:59:23
57,Bengkulu,-3.8004,102.2655,297.51,91,80,4.79,ID,2021-09-18 18:59:23
58,Mar+Del+Plata,-38.0023,-57.5575,290.16,63,0,4.63,AR,2021-09-18 18:59:24
59,Margate,51.3813,1.3862,292.57,84,98,5.1,GB,2021-09-18 18:59:24
60,Hasaki,35.7333,140.8333,295.37,89,100,12.45,JP,2021-09-18 18:59:25
61,Yar-Sale,66.8333,70.8333,273.58,98,100,11.42,RU,2021-09-18 18:59:25
62,Tiksi,71.6872,128.8694,274.45,78,100,7.53,RU,2021-09-18 18:59:26
63,Pevek,69.7008,170.3133,272.19,69,100,5.5,RU,2021-09-18 18:59:26
64,Busselton,-33.65,115.3333,284.31,85,100,1.82,AU,2021-09-18 18:59:27
65,Saldanha,-33.0117,17.9442,286.18,83,49,7.12,ZA,2021-09-18 18:59:27
66,Isangel,-19.55,169.2667,292.21,82,32,2.06,VU,2021-09-18 18:59:28
67,Krasnovishersk,60.4078,57.082,274.72,97,100,4.39,RU,2021-09-18 18:59:28
68,Laguna,38.421,-121.4238,298.51,62,1,1.79,US,2021-09-18 18:59:29
69,Cayenne,4.9333,-52.3333,305.17,71,90,1.79,GF,2021-09-18 18:59:23
70,East+London,-33.0153,27.9116,289.67,67,20,5.14,ZA,2021-09-18 18:59:30
71,Faya,18.3851,42.4509,297.21,22,11,4.08,SA,2021-09-18 18:59:30
72,Koumac,-20.5667,164.2833,290.97,76,0,2.1,NC,2021-09-18 18:59:31
73,Srednekolymsk,67.45,153.6833,272.63,77,33,5.16,RU,2021-09-18 18:59:31
74,Dikson,73.5069,80.5464,274.57,75,12,11.98,RU,2021-09-18 18:59:32
75,Itarema,-2.9248,-39.9167,301.69,61,0,8.6,BR,2021-09-18 18:59:32
76,Nelson+Bay,-32.7167,152.15,286.35,94,0,3.83,AU,2021-09-18 18:59:32
77,Sao+Gabriel+Da+Cachoeira,-0.1303,-67.0892,304.04,62,40,2.57,BR,2021-09-18 18:59:33
78,Marawi,7.9986,124.2928,291.84,90,90,1.45,PH,2021-09-18 18:59:34
79,Pogar,52.554,33.2591,282.27,94,100,8.83,RU,2021-09-18 18:59:34
80,Los+Llanos+De+Aridane,28.6585,-17.9182,296.01,78,40,4.12,ES,2021-09-18 18:59:35
81,Cururupu,-1.8283,-44.8683,302.97,58,81,2.91,BR,2021-09-18 18:59:35
82,Grindavik,63.8424,-22.4338,282.12,93,90,6.69,IS,2021-09-18 18:59:36
83,Pastavy,55.1168,26.8326,279.12,91,100,8.19,BY,2021-09-18 18:59:36
84,Shingu,33.7333,135.9833,297.54,86,1,2.67,JP,2021-09-18 18:59:37
85,Saint-Joseph,-21.3667,55.6167,293.36,90,72,3.61,RE,2021-09-18 18:59:37
86,Cockburn+Town,21.4612,-71.1419,303.13,62,40,4.63,TC,2021-09-18 18:59:38
87,Sladkovo,55.5284,70.3385,278.8,91,100,3.13,RU,2021-09-18 18:59:38
88,Pinega,64.7001,43.3936,278.4,62,100,2.77,RU,2021-09-18 18:59:39
89,Sobolevo,54.4299,31.8996,278.56,93,100,10.62,RU,2021-09-18 18:59:39
90,Hithadhoo,-0.6,73.0833,301.52,73,77,2.26,MV,2021-09-18 18:59:40
91,Sao+Filipe,14.8961,-24.4956,299.24,84,81,4.27,CV,2021-09-18 18:59:40
92,Jackson,42.4165,-122.8345,289.7,91,90,1.54,US,2021-09-18 18:57:25
93,Katobu,-4.9408,122.5276,296.65,88,100,1.27,ID,2021-09-18 18:59:41
94,Port-Gentil,-0.7193,8.7815,298.48,81,100,6.71,GA,2021-09-18 18:59:41
95,Faanui,-16.4833,-151.75,298.84,73,75,9.8,PF,2021-09-18 18:59:42
96,Lebu,-37.6167,-73.65,285.45,57,12,4.77,CL,2021-09-18 18:59:42
97,Bluff,-46.6,168.3333,278.6,82,100,6.11,NZ,2021-09-18 18:59:43
98,Yellowknife,62.456,-114.3525,282.44,57,75,8.23,CA,2021-09-18 18:50:01
99,Victoria,22.2855,114.1577,303.14,84,91,4.45,HK,2021-09-18 18:56:44
100,Dangriga,16.9692,-88.2321,304.25,80,1,5.12,BZ,2021-09-18 18:59:44
101,Ishimbay,53.4545,56.0415,275.44,92,17,3.36,RU,2021-09-18 18:59:44
102,Castrillon,43.3979,-6.7922,289.45,93,28,0.5,ES,2021-09-18 18:59:45
103,Esperance,-33.8667,121.9,286.06,83,100,5.35,AU,2021-09-18 18:59:45
104,Walvis+Bay,-22.9575,14.5053,288.2,72,0,3.6,NA,2021-09-18 18:59:46
105,Ilanskiy,56.2358,96.065,284.84,97,100,2.81,RU,2021-09-18 18:59:46
106,Beringovskiy,63.05,179.3167,280.41,68,79,2.16,RU,2021-09-18 18:59:47
107,Provideniya,64.3833,-173.3,279.06,87,0,3.48,RU,2021-09-18 18:59:47
108,Puerto+Ayora,-0.7393,-90.3518,300.13,91,80,2.24,EC,2021-09-18 18:59:48
109,Severo-Kurilsk,50.6789,156.125,282.88,88,100,4.54,RU,2021-09-18 18:59:49
110,Husum,54.4858,9.0524,287.84,80,93,4.53,DE,2021-09-18 18:59:49
111,Half+Moon+Bay,37.4636,-122.4286,298.08,71,75,0.45,US,2021-09-18 18:59:50
112,Ndele,8.4109,20.6473,295.0,92,89,1.35,CF,2021-09-18 18:59:50
113,Saint+George,37.1041,-113.5841,294.41,37,87,1.22,US,2021-09-18 18:59:51
114,Vila+Velha,-20.3297,-40.2925,300.12,61,0,8.75,BR,2021-09-18 18:59:51
115,Katsuura,35.1333,140.3,297.21,94,98,10.14,JP,2021-09-18 18:55:19
116,Vardo,70.3705,31.1107,280.89,77,3,6.77,NO,2021-09-18 18:59:52
117,Clyde+River,70.4692,-68.5914,273.28,69,90,3.6,CA,2021-09-18 18:59:53
118,Jatiroto,-7.8833,111.1167,295.75,90,89,1.78,ID,2021-09-18 18:59:53
119,Ngunguru,-35.6167,174.5,278.8,77,0,2.23,NZ,2021-09-18 18:59:54
120,Bethel,41.3712,-73.414,301.88,71,58,0.45,US,2021-09-18 18:59:54
121,Port+Lincoln,-34.7333,135.8667,285.43,76,14,8.04,AU,2021-09-18 18:55:06
122,Shitanjing,39.2342,106.3439,289.29,62,41,1.99,CN,2021-09-18 18:59:55
123,Rafai,4.95,23.9167,294.56,91,100,0.32,CF,2021-09-18 18:59:55
124,Aleksandrov+Gay,50.147,48.5704,282.61,38,14,3.36,RU,2021-09-18 18:59:56
125,Vao,-22.6667,167.4833,293.79,62,45,8.03,NC,2021-09-18 18:59:56
126,Bam,29.106,58.357,303.61,7,0,2.77,IR,2021-09-18 18:59:57
127,Wajid,3.8093,43.2471,300.41,53,100,8.46,SO,2021-09-18 18:59:57
128,Tautira,-17.7333,-149.15,300.16,78,95,9.0,PF,2021-09-18 18:59:58
129,Kaputa,-8.4689,29.6619,299.92,39,6,0.94,ZM,2021-09-18 18:59:58
130,Chokurdakh,70.6333,147.9167,269.01,88,77,2.27,RU,2021-09-18 18:59:59
131,Leningradskiy,69.3833,178.4167,268.44,87,75,6.27,RU,2021-09-18 18:59:59
132,Krokeai,36.8833,22.55,299.24,48,0,2.7,GR,2021-09-18 19:00:00
133,Mwinilunga,-11.7358,24.4293,296.1,25,7,2.53,ZM,2021-09-18 19:00:00
134,Mont-De-Marsan,44.0,-0.6667,289.86,82,75,5.66,FR,2021-09-18 19:00:01
135,Abu+Road,24.4833,72.7833,298.3,94,100,2.06,IN,2021-09-18 19:00:01
136,Chilca,-12.5211,-76.7372,290.29,79,49,3.11,PE,2021-09-18 19:00:03
137,Champasak,14.75,106.0,296.25,99,85,1.08,LA,2021-09-18 19:00:04
138,Klaksvik,62.2266,-6.589,285.66,90,99,9.69,FO,2021-09-18 19:00:06
139,Pisco,-13.7,-76.2167,289.83,86,13,4.01,PE,2021-09-18 19:00:06
140,Tuktoyaktuk,69.4541,-133.0374,277.15,100,90,2.06,CA,2021-09-18 19:00:07
141,Bilma,18.6853,12.9164,307.19,13,100,3.01,NE,2021-09-18 19:00:08
142,Port+Elizabeth,-33.918,25.5701,289.32,77,40,8.75,ZA,2021-09-18 18:59:19
143,Monchegorsk,67.9397,32.8739,278.53,77,97,1.77,RU,2021-09-18 19:00:09
144,San+Patricio,28.017,-97.5169,308.55,42,28,3.67,US,2021-09-18 19:00:09
145,Thompson,55.7435,-97.8558,290.0,40,100,5.92,CA,2021-09-18 19:00:10
146,Cherskiy,68.75,161.3,270.6,86,16,5.4,RU,2021-09-18 19:00:10
147,Torit,4.4133,32.5678,293.63,96,79,1.29,SS,2021-09-18 19:00:11
148,Parrita,9.5201,-84.3225,306.49,76,100,2.44,CR,2021-09-18 19:00:12
149,Jacareacanga,-6.2222,-57.7528,298.46,81,95,1.3,BR,2021-09-18 19:00:12
150,Buckeye,33.3703,-112.5838,310.76,40,0,2.62,US,2021-09-18 19:00:00
151,Ketchikan,55.3422,-131.6461,283.79,86,100,1.07,US,2021-09-18 19:00:13
152,Malkangiri,18.35,81.9,297.0,93,100,0.27,IN,2021-09-18 19:00:14
153,Mount+Pleasant,32.7941,-79.8626,305.47,86,75,1.79,US,2021-09-18 18:56:06
154,Matongo,-2.3833,34.0833,294.6,69,100,2.86,TZ,2021-09-18 19:00:15
155,Constitucion,-35.3333,-72.4167,287.3,60,0,8.02,CL,2021-09-18 19:00:16
156,Mackay,-21.15,149.2,289.29,72,2,3.55,AU,2021-09-18 19:00:17
157,Dorogobuzh,54.915,33.2972,279.79,74,100,7.79,RU,2021-09-18 19:00:17
158,Olinda,-8.0089,-34.8553,299.0,65,40,6.69,BR,2021-09-18 19:00:18
159,Qaqortoq,60.7167,-46.0333,279.43,88,100,1.17,GL,2021-09-18 19:00:18
160,Salalah,17.0151,54.0924,300.01,88,99,2.28,OM,2021-09-18 19:00:19
161,Kenai,60.5544,-151.2583,284.9,66,8,2.1,US,2021-09-18 19:00:20
162,Port+Alfred,-33.5906,26.891,289.41,68,0,13.12,ZA,2021-09-18 19:00:21
163,Lingyuan,41.24,119.4011,288.6,70,100,1.36,CN,2021-09-18 19:00:22
164,Mahebourg,-20.4081,57.7,293.31,83,40,2.57,MU,2021-09-18 18:55:32
165,Ixtapa,20.7,-105.2,303.83,78,79,1.34,MX,2021-09-18 19:00:24
166,Bonfim,3.0833,-59.95,305.8,49,66,1.38,BR,2021-09-18 19:00:24
167,Lucera,41.5082,15.3351,295.87,68,27,0.83,IT,2021-09-18 19:00:25
168,Shellbrook,53.2168,-106.4011,300.14,21,69,5.57,CA,2021-09-18 19:00:21
169,Leh,34.1667,77.5833,289.1,25,0,2.23,IN,2021-09-18 19:00:27
170,Campo+Maior,-4.8278,-42.1686,311.2,20,30,3.62,BR,2021-09-18 19:00:28
171,Lavrentiya,65.5833,-171.0,277.77,77,100,2.75,RU,2021-09-18 19:00:28
172,Saskylakh,71.9167,114.0833,268.54,98,75,1.21,RU,2021-09-18 19:00:29
173,Ambilobe,-13.2,49.05,297.21,84,89,0.71,MG,2021-09-18 19:00:30
174,Ano+Komi,40.2333,21.8333,295.14,52,0,2.06,GR,2021-09-18 19:00:31
175,Basco,20.4487,121.9702,302.29,78,12,5.76,PH,2021-09-18 19:00:32
176,Hobyo,5.3505,48.5268,298.74,89,54,11.72,SO,2021-09-18 19:00:32
177,Talnakh,69.4865,88.3972,278.68,86,100,2.11,RU,2021-09-18 19:00:33
178,Atar,20.5169,-13.0499,305.74,33,100,5.04,MR,2021-09-18 19:00:34
179,Eyl,7.9803,49.8164,299.15,80,2,10.38,SO,2021-09-18 19:00:35
180,Mitsamiouli,-11.3847,43.2844,298.56,76,0,3.66,KM,2021-09-18 19:00:36
181,Araouane,18.9048,-3.5265,311.73,14,100,2.35,ML,2021-09-18 19:00:37
182,Acapulco,16.8634,-99.8901,301.6,72,100,0.88,MX,2021-09-18 18:58:54
183,Taltal,-25.4,-70.4833,289.89,69,100,3.14,CL,2021-09-18 19:00:38
184,Grand+Gaube,-20.0064,57.6608,293.36,87,12,4.63,MU,2021-09-18 19:00:39
185,Senanga,-16.1167,23.2667,302.3,21,100,4.17,ZM,2021-09-18 19:00:40
186,Honningsvag,70.9821,25.9704,280.01,65,0,7.72,NO,2021-09-18 19:00:40
187,Shenzhen,22.5455,114.0683,303.08,86,38,2.6,CN,2021-09-18 19:00:42
188,Aklavik,68.2191,-135.0107,279.55,81,100,2.58,CA,2021-09-18 19:00:43
189,Tessalit,20.1986,1.0114,309.32,9,10,0.47,ML,2021-09-18 19:00:44
190,Tuatapere,-46.1333,167.6833,278.61,92,100,3.31,NZ,2021-09-18 19:00:45
191,Hermanus,-34.4187,19.2345,288.09,73,98,3.65,ZA,2021-09-18 19:00:45
192,Homer,59.6425,-151.5483,284.69,82,4,1.34,US,2021-09-18 19:00:46
193,Lompoc,34.6391,-120.4579,295.94,71,4,0.45,US,2021-09-18 19:00:44
194,Mahajanga,-15.7167,46.3167,298.42,70,7,6.69,MG,2021-09-18 19:00:47
195,Kismayo,-0.3582,42.5454,298.06,85,20,6.68,SO,2021-09-18 19:00:48
196,Atbasar,51.8,68.3333,278.94,77,33,6.39,KZ,2021-09-18 19:00:49
197,General+Roca,-39.0333,-67.5833,293.06,22,86,2.04,AR,2021-09-18 19:00:50
198,Antofagasta,-23.65,-70.4,290.28,68,96,3.82,CL,2021-09-18 19:00:06
199,Karratha,-20.7377,116.8463,295.11,43,0,3.83,AU,2021-09-18 19:00:51
200,Dong+Hoi,17.4833,106.6,298.84,88,93,1.85,VN,2021-09-18 19:00:51
201,Kaitangata,-46.2817,169.8464,276.59,87,100,1.8,NZ,2021-09-18 19:00:52
202,Kahului,20.8947,-156.47,297.58,88,16,6.68,US,2021-09-18 19:00:53
203,Haines+Junction,60.7522,-137.5108,278.85,89,100,1.05,CA,2021-09-18 19:00:54
204,Fortuna,40.5982,-124.1573,291.13,72,40,0.89,US,2021-09-18 19:00:55
205,Mansa,29.9833,75.3833,299.9,69,5,3.17,IN,2021-09-18 19:00:56
206,Sabha,27.0377,14.4283,302.54,17,0,3.45,LY,2021-09-18 19:00:56
207,Smithers,54.7804,-127.1743,280.33,93,90,2.06,CA,2021-09-18 19:00:57
208,Petrovsk-Zabaykalskiy,51.273,108.843,280.94,90,17,1.3,RU,2021-09-18 19:00:58
209,Sao+Joao+Da+Barra,-21.6403,-41.0511,297.74,70,6,7.86,BR,2021-09-18 19:00:59
210,Sur,22.5667,59.5289,301.8,71,11,6.29,OM,2021-09-18 19:01:00
211,Agirish,61.9247,63.0231,274.04,97,100,6.25,RU,2021-09-18 19:01:00
212,Katherine,-14.4667,132.2667,292.33,59,11,3.09,AU,2021-09-18 19:01:01
213,Chuy,-33.6971,-53.4616,292.25,74,6,3.86,UY,2021-09-18 19:01:01
214,Lasa,46.6166,10.7002,291.1,85,20,0.23,IT,2021-09-18 19:01:02
215,Mayumba,-3.432,10.6554,297.19,85,100,3.78,GA,2021-09-18 19:01:03
216,Kimberley,-28.7323,24.7623,293.5,33,84,9.69,ZA,2021-09-18 19:01:04
217,Moundou,8.5667,16.0833,296.87,79,46,0.89,TD,2021-09-18 19:01:04
218,Belmonte,-15.8631,-38.8828,298.13,65,12,3.12,BR,2021-09-18 19:01:05
219,Sidhi,24.4167,81.8833,298.32,85,93,1.01,IN,2021-09-18 19:01:06
220,Arraial+Do+Cabo,-22.9661,-42.0278,295.46,89,13,5.72,BR,2021-09-18 19:01:06
221,Mahibadhoo,3.7833,72.9667,301.4,77,100,4.53,MV,2021-09-18 19:01:07
222,Iqaluit,63.7506,-68.5145,274.74,87,100,5.92,CA,2021-09-18 19:00:14
223,Adrar,20.5022,-10.0711,309.94,20,70,2.48,MR,2021-09-18 19:01:07
224,Moron,-34.6534,-58.6198,299.23,64,0,3.13,AR,2021-09-18 18:59:26
225,Hauterive,46.0901,3.4459,293.03,95,100,5.77,FR,2021-09-18 19:01:08
226,Kosh-Agach,50.0,88.6667,279.78,66,93,2.37,RU,2021-09-18 19:01:09
227,Boa+Vista,2.8197,-60.6733,306.14,46,75,3.09,BR,2021-09-18 19:01:09
228,George+Town,5.4112,100.3354,299.2,91,20,0.45,MY,2021-09-18 18:58:58
229,Georgetown,5.4112,100.3354,299.2,91,20,0.45,MY,2021-09-18 18:58:58
230,Iacu,-12.7672,-40.2117,305.94,21,3,3.02,BR,2021-09-18 19:01:10
231,Kalmunai,7.4167,81.8167,299.88,84,98,3.59,LK,2021-09-18 19:01:11
232,Bathsheba,13.2167,-59.5167,302.21,66,28,4.67,BB,2021-09-18 19:01:08
233,Port+Blair,11.6667,92.75,299.91,84,100,2.6,IN,2021-09-18 19:01:12
234,Dunedin,-45.8742,170.5036,280.26,78,100,1.79,NZ,2021-09-18 18:58:20
235,Portland,45.5234,-122.6762,290.31,93,90,0.89,US,2021-09-18 18:52:49
236,Serov,59.6033,60.5787,275.28,94,100,4.33,RU,2021-09-18 19:01:13
237,Tabas,33.5959,56.9244,302.79,8,0,1.49,IR,2021-09-18 19:01:13
238,Tenenkou,14.4572,-4.9169,306.74,35,11,1.84,ML,2021-09-18 19:01:14
239,Sonoita,31.85,-112.8333,307.33,39,7,5.63,MX,2021-09-18 19:01:15
240,Saint-Pierre,-21.3393,55.4781,293.97,87,90,4.12,RE,2021-09-18 19:01:16
241,Palmer,42.1584,-72.3287,301.66,63,30,0.89,US,2021-09-18 19:01:17
242,Khatanga,71.9667,102.5,270.72,74,0,5.74,RU,2021-09-18 19:01:17
243,Husavik,66.0449,-17.3389,282.1,74,100,9.37,IS,2021-09-18 18:57:14
244,Kargasok,59.0556,80.8572,276.93,93,17,4.9,RU,2021-09-18 19:01:18
245,Santa+Rosa,14.3122,121.1114,301.53,86,17,2.44,PH,2021-09-18 19:01:20
246,Aleksandrovsk-Sakhalinskiy,50.8975,142.1561,283.14,67,0,5.86,RU,2021-09-18 19:01:21
247,Tra+Vinh,9.9347,106.3453,298.17,91,99,1.96,VN,2021-09-18 19:01:21
248,Tibu,8.639,-72.7358,308.7,40,10,1.74,CO,2021-09-18 19:01:22
249,Gorin,51.1983,136.6669,281.11,56,2,4.44,RU,2021-09-18 19:01:22
250,Mikhaylovka,50.06,43.2379,284.21,51,100,4.54,RU,2021-09-18 19:01:23
251,Baykit,61.67,96.37,282.87,98,98,1.75,RU,2021-09-18 19:01:23
252,High+Rock,26.6208,-78.2833,302.14,67,90,2.22,BS,2021-09-18 19:01:24
253,Miles+City,46.4083,-105.8406,306.77,8,0,7.5,US,2021-09-18 19:01:24
254,Tura,25.5198,90.2201,295.59,97,81,1.13,IN,2021-09-18 19:01:25
255,Henties+Bay,-22.116,14.2845,288.07,91,0,3.28,NA,2021-09-18 19:01:25
256,Narasapur,16.45,81.6667,299.55,84,100,1.82,IN,2021-09-18 19:01:26
257,Sioux+Lookout,50.1001,-91.917,292.03,35,100,5.03,CA,2021-09-18 19:01:27
258,Byron+Bay,-28.65,153.6167,292.12,75,76,2.88,AU,2021-09-18 19:01:27
259,Kadoma,34.7333,135.5833,297.14,76,98,3.92,JP,2021-09-18 19:01:28
260,Kuala+Terengganu,5.3302,103.1408,298.59,86,100,2.04,MY,2021-09-18 19:01:28
261,Micheweni,-4.9667,39.8333,297.78,82,5,6.21,TZ,2021-09-18 19:01:29
262,Dalbandin,28.8947,64.4101,302.83,8,100,0.67,PK,2021-09-18 19:01:30
263,Maumere,-8.6199,122.2111,298.2,71,100,1.42,ID,2021-09-18 19:01:30
264,Sambava,-14.2667,50.1667,295.01,83,37,1.66,MG,2021-09-18 19:01:30
265,Codrington,-38.2667,141.9667,283.44,74,100,8.82,AU,2021-09-18 19:01:31
266,Batagay-Alyta,67.8006,130.4114,271.07,95,100,2.42,RU,2021-09-18 19:01:32
267,Erenhot,43.6475,111.9767,292.39,33,100,3.42,CN,2021-09-18 19:01:32
268,Vranjska+Banja,42.555,21.9922,289.75,94,5,1.51,RS,2021-09-18 19:01:33
269,Okitipupa,6.5047,4.7839,296.94,91,99,1.13,NG,2021-09-18 19:01:33
270,Cidreira,-30.1811,-50.2056,293.09,89,53,3.27,BR,2021-09-18 19:01:34
271,Olafsvik,64.8945,-23.7142,280.29,86,100,6.98,IS,2021-09-18 19:01:34
272,Bubaque,11.2833,-15.8333,300.86,77,47,3.51,GW,2021-09-18 19:01:35
273,Pergamino,-33.89,-60.5736,300.47,41,0,3.9,AR,2021-09-18 19:01:36
274,Sitka,57.0531,-135.33,285.45,77,100,0.89,US,2021-09-18 19:01:36
275,Tuensang,26.2833,94.8333,293.65,98,100,0.68,IN,2021-09-18 19:01:37
276,Norman+Wells,65.282,-126.8329,282.58,66,100,4.23,CA,2021-09-18 19:01:37
277,Khonsa,27.0167,95.5667,292.27,98,90,1.14,IN,2021-09-18 19:01:38
278,Bartica,6.4,-58.6167,298.33,66,93,2.67,GY,2021-09-18 19:01:38
279,Along,28.1667,94.7667,294.63,99,48,0.64,IN,2021-09-18 19:01:39
280,Mehran,33.1222,46.1646,306.21,20,0,5.2,IR,2021-09-18 19:01:39
281,Port+Hardy,50.6996,-127.4199,285.3,89,100,5.42,CA,2021-09-18 19:01:40
282,Geraldton,-28.7667,114.6,280.38,93,0,1.54,AU,2021-09-18 19:01:40
283,Mandurah,-32.55,115.7,287.29,82,60,1.48,AU,2021-09-18 19:01:41
284,Iracoubo,5.4802,-53.2011,301.48,74,42,3.64,GF,2021-09-18 19:01:41
285,Kastrakion,39.7156,21.6181,295.53,55,0,2.35,GR,2021-09-18 19:01:42
286,Vestmannaeyjar,63.4427,-20.2734,284.11,88,35,8.8,IS,2021-09-18 19:01:42
287,Kiunga,-6.1219,141.2906,295.87,94,100,1.61,PG,2021-09-18 19:01:43
288,Lucea,18.451,-78.1736,304.18,78,76,7.62,JM,2021-09-18 19:01:43
289,Pangkalanbuun,-2.6833,111.6167,296.52,93,100,0.95,ID,2021-09-18 19:01:44
290,La+Palma,33.8464,-118.0467,302.57,66,40,0.89,US,2021-09-18 19:01:44
291,Surt,31.2089,16.5887,300.32,65,0,6.78,LY,2021-09-18 19:01:45
292,Impfondo,1.6381,18.0667,295.56,90,100,1.32,CG,2021-09-18 19:01:46
293,Nouadhibou,20.931,-17.0347,297.24,86,96,3.83,MR,2021-09-18 19:01:46
294,Coari,-4.085,-63.1414,303.62,60,85,1.76,BR,2021-09-18 19:01:47
295,Touros,-5.1989,-35.4608,300.77,62,11,8.6,BR,2021-09-18 19:01:48
296,Bulawayo,-20.15,28.5833,285.29,60,4,6.32,ZW,2021-09-18 19:01:48
297,Suluq,31.6682,20.2521,300.26,46,0,5.64,LY,2021-09-18 19:01:49
298,Ancud,-41.8697,-73.8203,283.94,63,73,3.26,CL,2021-09-18 19:01:49
299,Praia+Da+Vitoria,38.7333,-27.0667,292.35,68,55,2.85,PT,2021-09-18 19:01:50
300,La+Primavera,5.4906,-70.4092,300.63,77,100,2.15,CO,2021-09-18 19:01:50
301,Safakulevo,54.9901,62.5442,275.47,84,10,6.26,RU,2021-09-18 19:01:51
302,Radford,37.1318,-80.5764,303.51,63,90,0.0,US,2021-09-18 19:01:51
303,Vanimo,-2.6741,141.3028,298.04,93,100,2.24,PG,2021-09-18 19:01:52
304,Teya,60.3778,92.6267,279.88,95,100,1.54,RU,2021-09-18 19:01:53
305,Sept-Iles,50.2001,-66.3821,293.85,54,75,4.47,CA,2021-09-18 18:57:31
306,Hearst,49.6835,-83.6665,289.7,47,44,2.7,CA,2021-09-18 19:01:53
307,Lagoa,39.05,-27.9833,292.46,59,13,2.68,PT,2021-09-18 19:01:54
308,Waynesville,35.4887,-82.9887,299.97,80,100,2.24,US,2021-09-18 18:58:10
309,Linjiang,41.8069,126.9078,285.42,84,100,0.87,CN,2021-09-18 19:01:55
310,Tavricheskoye,54.5851,73.6395,281.1,86,100,4.75,RU,2021-09-18 19:01:56
311,Dubbo,-32.25,148.6167,275.22,93,90,2.06,AU,2021-09-18 19:01:57
312,Axim,4.8699,-2.2405,297.31,89,61,1.75,GH,2021-09-18 19:01:57
313,Vitoria+Da+Conquista,-14.8661,-40.8394,300.35,28,1,4.63,BR,2021-09-18 19:01:58
314,Pangnirtung,66.1451,-65.7125,275.06,66,99,1.9,CA,2021-09-18 19:01:59
315,Zyryanka,65.75,150.85,273.88,84,100,6.41,RU,2021-09-18 19:01:59
316,Kangaatsiaq,68.3065,-53.4641,272.24,65,4,3.22,GL,2021-09-18 19:02:00
317,Berlevag,70.8578,29.0864,280.15,72,0,8.16,NO,2021-09-18 19:02:00
318,Townsville,-19.25,146.8,289.64,82,61,0.0,AU,2021-09-18 18:58:01
319,Torbay,47.6666,-52.7314,295.24,76,0,6.9,CA,2021-09-18 19:00:44
320,Pinotepa+Nacional,16.3167,-98.0167,304.71,56,100,1.56,MX,2021-09-18 19:02:02
321,Ogbomosho,8.133,4.25,296.05,96,51,1.96,NG,2021-09-18 19:02:03
322,Pochutla,15.7432,-96.4661,305.27,60,100,2.2,MX,2021-09-18 19:02:03
323,Snyder,32.7179,-100.9176,307.23,40,1,1.54,US,2021-09-18 19:02:04
324,Biltine,14.5333,20.9167,303.49,45,50,2.62,TD,2021-09-18 19:02:04
325,Panaba,21.2833,-88.2667,310.46,33,98,4.56,MX,2021-09-18 19:02:05
326,Filingue,14.3521,3.3168,306.85,41,13,2.45,NE,2021-09-18 19:02:05
327,Ferrol,43.4832,-8.2369,291.3,73,14,1.92,ES,2021-09-18 19:02:06
328,Hornepayne,49.2138,-84.7705,290.11,43,60,3.2,CA,2021-09-18 19:02:07
329,Oga,46.4631,10.347,285.76,84,19,0.31,IT,2021-09-18 19:02:07
330,Buraydah,26.326,43.975,306.1,14,96,2.14,SA,2021-09-18 19:00:52
331,Hualmay,-11.0964,-77.6139,292.2,69,11,4.02,PE,2021-09-18 19:02:08
332,Labuhan,-6.8844,112.2051,298.81,81,99,3.13,ID,2021-09-18 19:02:08
333,Mkushi,-13.6202,29.3939,293.32,62,5,6.03,ZM,2021-09-18 19:02:09
334,Shamgarh,24.1833,75.6333,297.07,91,98,7.83,IN,2021-09-18 19:02:09
335,Dharchula,29.85,80.5333,295.67,97,100,0.4,IN,2021-09-18 19:02:10
336,Pizarro,4.9533,-77.366,301.0,75,100,2.89,CO,2021-09-18 19:02:10
337,Kalabo,-14.97,22.6814,301.98,17,100,2.35,ZM,2021-09-18 19:02:11
338,Prigorodka,52.0447,39.7124,280.15,74,100,5.19,RU,2021-09-18 19:02:12
339,Komsomolskiy,40.4272,71.7189,293.55,42,0,3.09,UZ,2021-09-18 19:02:12
340,Worthington,40.0931,-83.018,305.82,45,20,0.45,US,2021-09-18 19:02:11
341,Solnechnyy,50.7214,136.6319,280.17,55,52,4.78,RU,2021-09-18 19:02:13
342,Dimona,31.0667,35.0333,292.51,64,0,5.69,IL,2021-09-18 19:02:14
343,Vilyuysk,63.7553,121.6247,276.25,71,100,3.37,RU,2021-09-18 19:02:15
344,Muros,42.7762,-9.0603,292.17,73,10,3.91,ES,2021-09-18 19:02:16
345,Westport,41.1415,-73.3579,303.58,65,66,1.34,US,2021-09-18 19:01:07
346,Burnie,-41.0667,145.9167,283.66,88,100,8.85,AU,2021-09-18 19:02:17
347,Camana,-16.6228,-72.7111,290.72,77,75,3.55,PE,2021-09-18 19:02:17
348,Tazovskiy,67.4667,78.7,277.87,92,100,2.75,RU,2021-09-18 19:02:18
349,Chunian,30.964,73.9803,302.11,58,0,2.95,PK,2021-09-18 19:00:19
350,Muravlenko,63.7898,74.523,273.63,98,100,7.74,RU,2021-09-18 19:02:18
351,Abu+Kamal,34.4506,40.9171,302.2,25,0,2.73,SY,2021-09-18 19:02:19
352,Benguela,-12.5763,13.4055,295.01,84,80,1.98,AO,2021-09-18 19:00:33
353,Banjar,-8.19,114.9675,299.07,90,17,1.84,ID,2021-09-18 19:02:20
354,Cabedelo,-6.9811,-34.8339,299.65,66,28,7.77,BR,2021-09-18 19:02:21
355,Wanaka,-44.7,169.15,277.52,89,100,2.13,NZ,2021-09-18 19:02:10
356,Arlit,18.7369,7.3853,310.19,12,0,2.11,NE,2021-09-18 19:02:22
357,Tateyama,34.9833,139.8667,297.16,88,75,4.12,JP,2021-09-18 19:02:22
358,Chimbote,-9.0853,-78.5783,292.39,73,46,4.76,PE,2021-09-18 19:00:21
359,Epe,6.5841,3.9834,298.01,87,27,2.1,NG,2021-09-18 19:02:23
360,Ballina,-28.8667,153.5667,290.25,89,59,1.54,AU,2021-09-18 19:02:24
361,Akdepe,42.0551,59.3788,291.15,48,91,5.29,TM,2021-09-18 19:02:24
362,Katyuzhanka,50.806,30.1376,286.84,74,100,3.43,UA,2021-09-18 19:02:25
363,Esfahan,32.6572,51.6776,295.95,16,1,2.19,IR,2021-09-18 19:02:25
364,Raga,8.4596,25.678,294.86,90,100,1.19,SS,2021-09-18 19:02:26
365,Copiapo,-27.3667,-70.3333,298.23,27,50,3.5,CL,2021-09-18 19:02:26
366,Lagunillas,10.1301,-71.2595,304.81,60,100,3.49,VE,2021-09-18 19:02:27
367,Podgorica,42.4411,19.2636,295.03,68,20,2.57,ME,2021-09-18 18:59:19
368,Chorozinho,-4.3003,-38.4978,302.97,37,16,6.02,BR,2021-09-18 19:02:28
369,Kisesa,-3.0833,34.15,295.71,62,86,5.38,TZ,2021-09-18 19:02:28
370,Kununurra,-15.7667,128.7333,295.14,94,7,0.0,AU,2021-09-18 19:02:29
371,Guanica,17.9716,-66.908,305.4,81,20,0.89,PR,2021-09-18 19:02:29
372,Karonga,-9.9333,33.9333,297.17,72,2,1.19,MW,2021-09-18 19:02:12
373,Zheleznodorozhnyy,55.7503,38.0042,280.44,68,100,4.08,RU,2021-09-18 19:02:30
374,Guerrero+Negro,27.9769,-114.0611,297.61,62,4,8.33,MX,2021-09-18 19:02:31
375,Boyolangu,-8.1181,111.8935,296.64,94,95,1.95,ID,2021-09-18 19:02:31
376,Sfantu+Gheorghe,45.8667,25.7833,285.83,81,49,1.68,RO,2021-09-18 19:02:32
377,Gornopravdinsk,60.05,69.9,275.39,97,100,4.67,RU,2021-09-18 19:02:32
378,Darhan,49.4867,105.9228,285.03,80,98,0.93,MN,2021-09-18 19:02:33
379,Saint-Philippe,-21.3585,55.7679,293.92,88,48,3.76,RE,2021-09-18 19:02:34
380,Zhanaozen,43.3,52.8,289.97,30,12,7.11,KZ,2021-09-18 19:02:35
381,Zhengjiatun,43.5064,123.5064,288.45,73,19,2.61,CN,2021-09-18 19:02:35
382,Lubango,-14.9172,13.4925,291.1,50,1,2.47,AO,2021-09-18 19:00:18
383,Biak,-0.9131,122.8766,296.84,80,100,3.18,ID,2021-09-18 19:02:36
384,Aksarayskiy,46.7924,48.0119,286.12,71,17,3.31,RU,2021-09-18 19:02:37
385,Camacari,-12.6975,-38.3242,299.02,61,45,3.31,BR,2021-09-18 19:01:30
386,Mount+Gambier,-37.8333,140.7667,284.9,76,100,6.88,AU,2021-09-18 19:02:37
387,Tokur,53.1333,132.9,271.11,95,27,2.31,RU,2021-09-18 19:02:38
388,Stephenville,32.2207,-98.2023,306.35,44,40,4.12,US,2021-09-18 19:00:42
389,Mangalia,43.8,28.5833,295.98,68,92,1.36,RO,2021-09-18 19:02:39
390,Buala,-8.145,159.5921,299.66,86,88,4.52,SB,2021-09-18 19:02:40
391,Mountain+Home,43.133,-115.6912,300.81,7,4,9.5,US,2021-09-18 19:02:41
392,Agadez,19.75,10.25,305.61,11,7,2.77,NE,2021-09-18 19:02:42
393,Matagami,49.7502,-77.6328,284.21,82,90,3.09,CA,2021-09-18 19:02:42
394,Porto+Santo,33.072,-16.3415,296.36,60,20,3.6,PT,2021-09-18 19:02:43
395,Astoria,46.1879,-123.8313,290.09,89,75,0.89,US,2021-09-18 19:00:11
396,Zholymbet,51.7433,71.7122,283.51,53,100,7.21,KZ,2021-09-18 19:02:43
397,Richards+Bay,-28.783,32.0377,288.01,72,0,2.17,ZA,2021-09-18 19:02:44
398,Wangaratta,-36.3667,146.3333,279.61,87,8,0.86,AU,2021-09-18 19:02:44
399,Nabire,-3.3667,135.4833,296.85,93,100,1.89,ID,2021-09-18 19:02:45
400,Bobo+Dioulasso,11.1771,-4.2979,299.33,68,90,2.52,BF,2021-09-18 19:02:46
401,Santa+Maria,-29.6842,-53.8069,296.32,74,72,2.41,BR,2021-09-18 19:02:46
402,Gibara,21.1097,-76.1317,307.77,65,75,7.14,CU,2021-09-18 19:02:47
403,Zurrieq,35.8311,14.4742,299.8,89,0,4.12,MT,2021-09-18 19:02:47
404,Qiongshan,20.0058,110.3542,299.66,86,0,1.97,CN,2021-09-18 19:02:48
405,Lusambo,-4.9667,23.45,295.31,93,100,1.52,CD,2021-09-18 19:02:48
406,Store+Heddinge,55.3097,12.3889,285.75,59,100,6.22,DK,2021-09-18 19:02:49
407,Salcininkai,54.3,25.3833,279.77,93,100,7.98,LT,2021-09-18 19:02:49
408,Biloela,-24.4167,150.5,286.27,89,0,1.05,AU,2021-09-18 19:02:50
409,Mancio+Lima,-7.6142,-72.8958,307.76,37,76,1.35,BR,2021-09-18 19:02:51
410,Kharsawan,22.8,85.8333,298.54,89,100,1.2,IN,2021-09-18 19:02:51
411,College,64.8569,-147.8028,278.12,76,40,3.09,US,2021-09-18 19:02:52
412,Kokopo,-4.352,152.2633,297.9,84,87,1.35,PG,2021-09-18 19:02:52
413,Odienne,9.51,-7.5692,297.48,83,100,0.6,CI,2021-09-18 19:02:53
414,Gunjur,13.2019,-16.7339,301.19,83,40,3.09,GM,2021-09-18 19:02:53
415,Broken+Hill,-31.95,141.4333,282.45,45,0,1.8,AU,2021-09-18 19:02:54
416,Seoul,37.5683,126.9778,294.84,70,65,1.19,KR,2021-09-18 19:00:37
417,Alyangula,-13.8483,136.4192,296.21,72,7,3.66,AU,2021-09-18 19:02:55
418,Bay+Roberts,47.5999,-53.2648,295.66,82,25,3.13,CA,2021-09-18 19:02:55
419,Longyearbyen,78.2186,15.6401,281.06,81,75,7.2,SJ,2021-09-18 19:02:56
420,Luderitz,-26.6481,15.1594,286.31,86,43,3.69,NA,2021-09-18 19:02:57
421,Lethem,3.3803,-59.7968,306.01,50,73,2.02,GY,2021-09-18 19:02:57
422,Aldan,58.6031,125.3894,274.05,83,100,2.54,RU,2021-09-18 19:02:58
423,Lityn,49.3251,28.0809,286.48,85,94,3.91,UA,2021-09-18 19:02:58
424,Bahia+Blanca,-38.7196,-62.2724,294.04,38,76,4.97,AR,2021-09-18 19:01:00
425,Nome,64.5011,-165.4064,279.91,85,100,5.95,US,2021-09-18 19:02:11
426,Zhuhai,22.2769,113.5678,302.99,79,20,3.09,CN,2021-09-18 19:02:59
427,Ouegoa,-20.35,164.4333,292.23,71,0,5.52,NC,2021-09-18 19:03:00
428,Awbari,26.5921,12.7805,302.23,16,0,3.59,LY,2021-09-18 19:03:00
429,Tchollire,8.4022,14.1698,297.23,87,20,1.52,CM,2021-09-18 19:03:01
430,Samarai,-10.6167,150.6667,298.8,87,100,9.53,PG,2021-09-18 19:03:02
431,Mandera,3.9366,41.867,304.4,35,0,4.42,KE,2021-09-18 19:02:16
432,Senador+Guiomard,-10.1522,-67.7392,306.01,36,100,1.38,BR,2021-09-18 19:03:03
433,Coihaique,-45.5752,-72.0662,283.49,57,75,0.0,CL,2021-09-18 19:03:04
434,Port+Maria,18.3685,-76.8895,300.94,88,89,5.61,JM,2021-09-18 19:03:05
435,Rudbar,30.15,62.6,302.76,13,58,2.47,AF,2021-09-18 19:03:05
436,West+Odessa,31.8424,-102.4988,307.07,34,20,2.57,US,2021-09-18 19:03:06
437,Hofn,64.2539,-15.2082,284.66,93,100,10.56,IS,2021-09-18 19:03:06
438,Harnoli,32.2792,71.5539,306.86,38,0,4.58,PK,2021-09-18 19:03:07
439,Yuanping,38.7153,112.7575,287.96,94,100,0.86,CN,2021-09-18 19:03:07
440,Birmitrapur,22.4,84.7667,298.64,82,100,0.88,IN,2021-09-18 19:03:08
441,Vysokogornyy,50.1167,139.15,273.84,93,6,2.2,RU,2021-09-18 19:03:08
442,Algeciras,36.1333,-5.4505,296.97,57,0,5.14,ES,2021-09-18 19:03:09
443,Saint-Francois,46.4154,3.9054,292.84,77,75,2.06,FR,2021-09-18 19:03:09
444,Playas,-2.6333,-80.3833,295.88,78,75,5.95,EC,2021-09-18 19:03:10
445,Sao+Felix+Do+Xingu,-6.6447,-51.995,311.93,17,90,1.12,BR,2021-09-18 19:03:10
446,Golynki,54.8696,31.3861,278.63,90,100,9.85,RU,2021-09-18 19:03:11
447,Paamiut,61.994,-49.6678,276.06,82,8,6.3,GL,2021-09-18 19:03:12
448,Yulara,-25.2406,130.9889,286.17,51,0,4.34,AU,2021-09-18 19:03:12
449,Batticaloa,7.7102,81.6924,299.59,84,97,1.67,LK,2021-09-18 19:03:13
450,Butembo,0.15,29.2833,288.04,99,100,0.74,CD,2021-09-18 19:03:14
451,Ilulissat,69.2167,-51.1,272.16,40,1,2.06,GL,2021-09-18 19:03:14
452,Namatanai,-3.6667,152.4333,299.78,79,87,3.37,PG,2021-09-18 19:03:15
453,Aksarka,66.5606,67.7975,273.19,96,100,14.23,RU,2021-09-18 19:03:15
454,Korla,41.7597,86.1469,295.16,24,0,0.57,CN,2021-09-18 19:00:29
455,Costinesti,43.95,28.6333,295.94,73,77,2.57,RO,2021-09-18 19:03:16
456,Mutum,-19.8,-41.4383,305.74,21,0,2.16,BR,2021-09-18 19:03:17
457,Tutoia,-2.7619,-42.2744,303.14,68,6,6.22,BR,2021-09-18 19:03:17
458,Bonnyville,54.2668,-110.735,289.76,47,100,0.96,CA,2021-09-18 19:03:18
459,Lorengau,-2.0226,147.2712,300.07,82,97,3.81,PG,2021-09-18 19:03:19
460,Ternate,0.8,127.4,299.22,81,74,1.62,ID,2021-09-18 19:03:19
461,Champerico,14.3,-91.9167,306.35,73,5,4.02,GT,2021-09-18 19:03:20
462,Omboue,-1.5746,9.2618,297.85,80,100,3.56,GA,2021-09-18 19:03:20
463,Manbij,36.5281,37.9549,296.58,24,0,5.01,SY,2021-09-18 19:03:21
464,Caravelas,-17.7125,-39.2481,298.5,63,1,3.68,BR,2021-09-18 19:03:21
465,Nanortalik,60.1432,-45.2371,278.29,94,100,6.91,GL,2021-09-18 19:03:22
466,Marsh+Harbour,26.5412,-77.0636,301.51,69,36,1.71,BS,2021-09-18 19:03:23
467,Svetlaya,46.5389,138.3297,282.91,64,4,3.5,RU,2021-09-18 19:03:23
468,Baiyin,36.5583,104.2081,287.44,62,96,2.59,CN,2021-09-18 19:03:24
469,Meulaboh,4.1363,96.1285,296.56,96,100,1.2,ID,2021-09-18 19:03:24
470,Tahoua,14.8888,5.2692,305.82,34,100,4.21,NE,2021-09-18 19:03:25
471,San+Luis,-33.295,-66.3356,299.03,24,0,2.48,AR,2021-09-18 19:01:45
472,Ransang,8.9603,117.5828,298.92,84,82,1.49,PH,2021-09-18 19:03:25
473,Nicoya,10.1483,-85.452,305.9,73,100,1.83,CR,2021-09-18 19:03:26
474,Xining,36.6167,101.7667,281.62,84,77,0.84,CN,2021-09-18 19:03:27
475,Saint+Anthony,45.0205,-93.218,297.67,39,6,2.68,US,2021-09-18 19:00:39
476,Sun+Valley,39.5963,-119.776,299.29,20,40,4.02,US,2021-09-18 19:00:41
477,Tha+Chang,9.2642,99.1922,298.14,88,100,1.83,TH,2021-09-18 19:03:28
478,Mehamn,71.0357,27.8492,280.25,74,0,4.99,NO,2021-09-18 19:03:28
479,Povenets,62.8487,34.8262,280.06,65,100,2.35,RU,2021-09-18 19:03:29
480,Rio+Cauto,20.5603,-76.9161,307.74,51,42,6.26,CU,2021-09-18 19:03:29
481,Gari,59.4307,62.3497,275.69,98,100,5.32,RU,2021-09-18 19:03:30
482,Isla+Mujeres,21.2311,-86.731,304.18,71,100,5.19,MX,2021-09-18 19:03:31
483,Makurdi,7.7411,8.5121,298.77,86,85,2.14,NG,2021-09-18 19:03:31
484,Souillac,-20.5167,57.5167,293.35,79,91,2.84,MU,2021-09-18 19:01:13
485,Tyup,42.7276,78.3648,288.2,29,0,1.47,KG,2021-09-18 19:03:32
486,Inverness,57.4791,-4.224,287.48,88,100,0.45,GB,2021-09-18 19:03:32
487,Atotonilco+El+Grande,20.2833,-98.6667,294.67,54,99,4.79,MX,2021-09-18 19:03:33
488,Guane,22.2025,-84.0875,305.9,49,54,4.66,CU,2021-09-18 19:03:33
489,Ust-Omchug,61.15,149.6333,279.14,87,100,4.62,RU,2021-09-18 19:03:34
490,Shache,38.4167,77.2406,296.12,15,0,2.64,CN,2021-09-18 19:00:21
491,Teeli,51.0333,90.2333,283.98,54,18,0.17,RU,2021-09-18 19:03:35
492,Aborlan,9.4352,118.5492,298.76,85,55,0.97,PH,2021-09-18 19:03:35
493,Acarau,-2.8856,-40.12,302.29,60,0,9.05,BR,2021-09-18 19:00:10
494,Harper,4.375,-7.7169,298.57,85,80,3.45,LR,2021-09-18 19:03:36
495,Ossora,59.2353,163.0719,281.31,83,100,1.14,RU,2021-09-18 19:03:37
496,Susanville,40.4163,-120.653,295.98,23,2,8.49,US,2021-09-18 19:02:03
497,Sohag,26.557,31.6948,302.57,23,0,3.37,EG,2021-09-18 19:03:38
498,Broome,42.2506,-75.833,300.21,74,75,1.34,US,2021-09-18 19:03:38
499,Hami,42.8,93.45,295.83,21,99,1.78,CN,2021-09-18 19:03:39
500,Ola,59.5833,151.2833,283.19,87,100,13.53,RU,2021-09-18 19:03:40
501,Corner+Brook,48.9667,-57.9484,292.71,88,100,6.23,CA,2021-09-18 19:00:42
502,Asau,46.4333,26.4,286.7,86,54,2.36,RO,2021-09-18 19:03:40
503,Beyneu,45.3167,55.2,288.16,38,6,4.5,KZ,2021-09-18 19:03:41
504,Bocana+De+Paiwas,12.7857,-85.1227,300.31,83,100,3.46,NI,2021-09-18 19:03:41
505,Taldan,53.6667,124.8,274.11,84,1,1.25,RU,2021-09-18 19:03:42
506,Lavumisa,-27.31,31.892,286.81,75,0,0.59,SZ,2021-09-18 19:03:42
507,Goba,7.0167,39.9833,285.28,93,100,1.37,ET,2021-09-18 19:03:43
508,Aberystwyth,52.4155,-4.0829,289.76,99,100,1.91,GB,2021-09-18 19:03:43
509,Pachelma,53.2443,43.3521,278.94,63,100,4.23,RU,2021-09-18 19:03:44
510,Marsaxlokk,35.8419,14.5431,300.42,89,0,4.12,MT,2021-09-18 19:03:44
511,Shubarshi,48.5872,57.1869,279.38,57,76,2.75,KZ,2021-09-18 19:03:45
512,Komatipoort,-25.4332,31.9548,290.96,66,0,1.2,ZA,2021-09-18 19:03:45
513,Bani+Walid,31.7566,13.9942,302.35,18,0,3.77,LY,2021-09-18 19:03:46
514,Ipu,-4.3222,-40.7108,309.31,23,45,2.73,BR,2021-09-18 19:03:46
515,Khasan,42.4308,130.6434,290.11,69,100,2.24,RU,2021-09-18 19:03:47
516,Mana,5.6592,-53.7767,300.63,78,87,2.93,GF,2021-09-18 19:03:47
517,Gat,31.61,34.7642,299.16,63,0,3.65,IL,2021-09-18 19:03:48
518,Nioro,13.35,-15.75,299.58,85,100,1.73,GM,2021-09-18 19:03:49
519,Marsa+Matruh,31.3525,27.2453,298.79,77,0,4.11,EG,2021-09-18 19:03:49
520,Fort+Nelson,58.8053,-122.7002,280.66,83,100,2.19,CA,2021-09-18 19:03:26
521,Hurricane,37.1753,-113.2899,293.34,46,100,1.59,US,2021-09-18 18:57:01
522,Huarmey,-10.0681,-78.1522,293.09,70,6,4.88,PE,2021-09-18 19:03:51
523,Hovd,48.0056,91.6419,287.16,40,3,3.87,MN,2021-09-18 19:03:51
524,Mecca,21.4267,39.8261,304.2,35,97,2.87,SA,2021-09-18 19:03:52
525,Hirara,24.8,125.2833,301.13,79,16,2.94,JP,2021-09-18 19:03:52
526,Botou,38.0667,116.5667,288.87,95,100,2.65,CN,2021-09-18 19:03:53
527,Maneadero,31.7167,-116.5667,301.59,76,2,1.79,MX,2021-09-18 19:03:53
528,Labuan,5.2767,115.2417,299.24,78,98,2.72,MY,2021-09-18 19:03:54
529,Siocon,7.7061,122.1353,298.76,86,83,0.74,PH,2021-09-18 19:03:54
530,Kaabong,3.4836,34.1492,291.2,89,37,1.03,UG,2021-09-18 19:03:55
531,Maldonado,-34.6667,-54.9167,289.94,61,0,3.16,UY,2021-09-18 19:03:55
532,Marabba,12.35,32.1833,298.25,74,100,3.72,SD,2021-09-18 19:03:56
533,Bari+Sadri,24.4167,74.4667,297.59,88,100,4.38,IN,2021-09-18 19:03:56
534,Tirat+Karmel,32.7617,34.9719,297.01,61,0,5.99,IL,2021-09-18 19:03:57
535,Tilichiki,60.4667,166.1,279.7,71,100,1.13,RU,2021-09-18 19:03:58
536,Clinton,42.587,-82.9199,300.53,62,0,0.45,US,2021-09-18 19:00:29
537,Padang,-0.9492,100.3543,296.84,96,100,0.36,ID,2021-09-18 19:03:59
538,Wattegama,6.7989,81.4808,298.66,88,100,0.9,LK,2021-09-18 19:03:59
539,Seymchan,62.8833,152.4333,277.91,83,100,1.83,RU,2021-09-18 19:04:00
540,Jasper,37.2001,-94.3502,305.18,50,40,0.89,US,2021-09-18 19:04:01
541,Seeboden,46.8219,13.495,289.18,90,10,1.82,AT,2021-09-18 19:04:01
542,Chicama,-7.8447,-79.1469,295.49,61,27,4.59,PE,2021-09-18 19:04:02
543,Cangucu,-31.395,-52.6756,289.51,77,100,1.99,BR,2021-09-18 19:01:39
544,Aitape,-3.1374,142.3475,298.27,90,100,2.52,PG,2021-09-18 19:04:02
545,Zhigansk,66.7697,123.3711,274.57,68,100,6.98,RU,2021-09-18 19:04:03
546,Kijang,35.2442,129.2139,293.35,81,34,3.71,KR,2021-09-18 19:04:03
547,Trairi,-3.2778,-39.2689,301.72,58,0,7.32,BR,2021-09-18 19:03:44
548,Erzincan,39.75,39.5,288.76,48,0,1.03,TR,2021-09-18 19:04:04
549,Bud,39.447,-86.1758,305.35,48,29,1.16,US,2021-09-18 19:04:04
550,Arequipa,-16.3989,-71.535,295.74,24,35,5.98,PE,2021-09-18 19:04:05
551,Barmer,25.75,71.3833,301.88,73,86,5.91,IN,2021-09-18 19:04:06
552,Bago,17.3367,96.4797,299.22,95,100,1.31,MM,2021-09-18 19:04:06
553,Waipawa,-41.4122,175.5153,281.18,83,10,2.32,NZ,2021-09-18 19:04:09
554,Bonthe,7.5264,-12.505,299.13,84,100,3.2,SL,2021-09-18 19:04:09
555,Ambulu,-8.345,113.6058,296.7,91,90,1.53,ID,2021-09-18 19:04:10
556,Havoysund,70.9963,24.6622,280.28,72,100,5.31,NO,2021-09-18 19:04:10
557,Lanzhou,36.0564,103.7922,288.3,66,29,1.75,CN,2021-09-18 19:00:23
558,Kyshtovka,56.555,76.6271,278.27,70,100,2.52,RU,2021-09-18 19:04:11
559,Sao+Jose+Da+Coroa+Grande,-8.8978,-35.1478,298.54,73,15,4.47,BR,2021-09-18 19:04:12
560,Ust-Ilimsk,58.0006,102.6619,283.17,75,100,1.75,RU,2021-09-18 19:02:17
561,Marzuq,14.4,46.4667,302.66,21,69,0.51,YE,2021-09-18 19:04:12
562,The+Pas,53.8251,-101.2541,295.43,26,32,4.05,CA,2021-09-18 19:04:13
563,Bajil,15.0584,43.2851,305.18,61,14,4.92,YE,2021-09-18 19:04:13
564,Turayf,31.6725,38.6637,300.18,23,0,2.94,SA,2021-09-18 19:02:11
565,Oksfjord,70.2396,22.3479,279.66,71,100,3.4,NO,2021-09-18 19:04:14
566,Nemuro,43.3236,145.575,288.15,98,100,3.35,JP,2021-09-18 19:04:15
567,Abu+Samrah,35.3029,37.1841,297.55,42,0,3.21,SY,2021-09-18 19:04:15
568,Kabalo,-6.05,26.9167,296.17,88,99,3.48,CD,2021-09-18 19:04:16
569,Kasongo-Lunda,-6.4667,16.8167,300.17,57,73,1.09,CD,2021-09-18 19:04:16
570,Sharjah,25.3573,55.4033,308.14,56,0,1.03,AE,2021-09-18 19:04:07
571,Barcelos,41.5388,-8.6151,291.99,74,7,4.42,PT,2021-09-18 19:04:17
572,Pundaguitan,6.3711,126.1689,299.87,82,100,4.09,PH,2021-09-18 19:04:18
573,Genhe,50.7833,121.5167,276.73,72,84,0.93,CN,2021-09-18 19:04:18
574,Barra+Da+Estiva,-13.6261,-41.3269,299.93,16,0,4.09,BR,2021-09-18 19:04:19
575,San+Cristobal,7.7669,-72.225,302.02,48,45,3.61,VE,2021-09-18 19:04:19
576,Sibolga,1.7427,98.7792,297.03,87,99,1.3,ID,2021-09-18 19:04:20
577,Puerto+Colombia,10.9878,-74.9547,305.2,73,16,7.62,CO,2021-09-18 19:04:21
578,Yerbogachen,61.2767,108.0108,276.78,70,100,2.33,RU,2021-09-18 19:04:21
579,Diu,20.7141,70.9822,299.63,92,100,3.6,IN,2021-09-18 19:04:21
580,Dolores,-36.3132,-57.6792,293.87,55,5,3.99,AR,2021-09-18 19:04:22
581,Bereda,43.2686,-7.5406,288.01,89,0,1.1,ES,2021-09-18 19:04:22
582,Puerto+Montt,-41.4698,-72.9447,284.54,67,99,1.43,CL,2021-09-18 19:00:59
583,Banes,20.9625,-75.7186,307.49,61,87,6.6,CU,2021-09-18 19:04:23
584,Kota+Kinabalu,5.9749,116.0724,297.14,83,20,2.06,MY,2021-09-18 19:04:24
585,Sao+Joao+Da+Talha,38.8218,-9.0908,293.4,63,20,2.24,PT,2021-09-18 19:04:25
586,San+Quintin,30.4833,-115.95,296.37,66,0,7.31,MX,2021-09-18 19:04:25
587,Cam+Ranh,11.9214,109.1591,299.13,89,40,1.54,VN,2021-09-18 19:04:26
588,Isilkul,54.9109,71.2728,279.19,89,100,3.63,RU,2021-09-18 19:04:26
589,Hit,33.6416,42.8251,303.72,24,0,5.71,IQ,2021-09-18 19:04:27
590,Jardim,-21.4803,-56.1381,314.06,15,49,3.03,BR,2021-09-18 19:04:27
591,Dakar,14.6937,-17.4441,302.64,79,75,4.14,SN,2021-09-18 19:01:49
592,Banda+Aceh,5.5577,95.3222,298.85,81,78,0.83,ID,2021-09-18 19:04:28
593,Mayo,38.8876,-76.5119,304.86,72,9,1.79,US,2021-09-18 19:04:28
594,Gamba,-2.65,10.0,297.54,81,100,2.84,GA,2021-09-18 19:04:29
595,Minab,27.1467,57.0801,304.87,62,0,1.37,IR,2021-09-18 19:04:30
596,Sembe,1.6481,14.5806,295.07,98,100,0.17,CG,2021-09-18 19:04:30
597,Tual,-5.6667,132.75,299.69,80,100,8.51,ID,2021-09-18 19:04:31
598,Crateus,-5.1783,-40.6775,309.41,21,24,2.6,BR,2021-09-18 19:04:31
599,Aykhal,66.0,111.5,269.85,84,9,0.71,RU,2021-09-18 19:04:32
600,Paraiso,9.8383,-83.8656,297.57,88,100,1.89,CR,2021-09-18 19:04:32
601,Tabou,4.423,-7.3528,298.5,86,91,3.11,CI,2021-09-18 19:04:33
602,Beaufort,5.3473,115.7455,296.93,92,72,1.35,MY,2021-09-18 19:04:33
603,Russell,32.3502,-85.1999,303.1,76,75,2.57,US,2021-09-18 19:01:24
604,Kutum,14.2,24.6667,300.5,28,90,3.48,SD,2021-09-18 19:04:34
605,Natal,-5.795,-35.2094,301.51,61,40,6.17,BR,2021-09-18 19:04:34
606,Kandrian,-6.2167,149.55,297.44,91,100,2.19,PG,2021-09-18 19:04:35
607,Saint-Michel-Des-Saints,46.6834,-73.9159,293.25,31,19,3.15,CA,2021-09-18 19:04:29
608,Ugoofaaru,5.6667,73.0,301.4,76,100,4.36,MV,2021-09-18 19:04:36
609,Linkoping,58.4109,15.6216,283.38,65,90,2.06,SE,2021-09-18 19:04:37
610,Monte+Carmelo,-18.7247,-47.4986,305.89,17,8,3.51,BR,2021-09-18 19:04:37
611,Nosy+Varika,-20.5833,48.5333,293.83,83,100,5.13,MG,2021-09-18 19:04:38
612,Soledad,10.9184,-74.7646,305.4,70,20,5.66,CO,2021-09-18 19:04:38
613,Ourem,39.6417,-8.5919,292.51,76,4,5.45,PT,2021-09-18 19:04:39
614,Kesova+Gora,57.5836,37.2922,275.19,79,75,3.19,RU,2021-09-18 19:04:40
615,Taoudenni,22.6783,-3.9836,313.05,10,11,3.77,ML,2021-09-18 19:04:41
616,Fukue,32.6881,128.8419,297.13,76,21,9.41,JP,2021-09-18 19:04:41
617,Rosetta,31.4044,30.4164,298.23,60,0,3.7,EG,2021-09-18 19:04:42
618,Mersin,36.862,34.6509,295.79,52,0,1.6,TR,2021-09-18 19:04:42
619,Hokitika,-42.7167,170.9667,282.01,84,72,1.94,NZ,2021-09-18 19:04:43
620,Oriximina,-1.7656,-55.8661,308.16,38,22,2.59,BR,2021-09-18 19:04:43
621,Alamogordo,32.8995,-105.9603,305.9,25,1,3.09,US,2021-09-18 19:04:44
622,Aripuana,-9.1667,-60.6333,307.57,36,85,0.67,BR,2021-09-18 19:04:44
623,Kirkland+Lake,48.1446,-80.0377,289.31,51,11,2.58,CA,2021-09-18 18:59:53
624,Khandyga,62.6667,135.6,275.77,98,29,1.42,RU,2021-09-18 19:04:45
625,Tigil,57.8,158.6667,281.39,77,100,2.29,RU,2021-09-18 19:04:46
626,Bayan,46.0833,127.4,282.04,86,79,3.26,CN,2021-09-18 19:04:46
627,Altos,-5.0381,-42.46,308.32,22,7,2.44,BR,2021-09-18 19:04:47
628,San+Ramon,37.7799,-121.978,297.49,71,40,0.89,US,2021-09-18 19:00:39
629,Togur,58.3631,82.8265,278.92,89,100,4.16,RU,2021-09-18 19:04:47
630,Gigmoto,13.7796,124.39,299.66,88,100,2.66,PH,2021-09-18 19:04:48
631,Yangambi,0.8102,24.4336,293.89,97,97,0.85,CD,2021-09-18 19:04:48
632,Lowestoft,52.4752,1.7516,291.79,81,100,4.31,GB,2021-09-18 19:04:49
633,Khani,41.9563,42.9566,285.91,84,100,2.02,GE,2021-09-18 19:04:50
634,Mogadishu,2.0371,45.3438,298.53,87,6,8.33,SO,2021-09-18 19:04:50
635,Alma,48.5501,-71.6491,291.16,45,76,4.77,CA,2021-09-18 19:04:51
636,Leeton,-34.5667,146.4,278.21,71,0,0.26,AU,2021-09-18 19:04:51
637,Sinjar,36.3209,41.8754,299.8,23,0,4.39,IQ,2021-09-18 19:04:52
638,Kyren,51.6828,102.1408,283.72,66,15,1.2,RU,2021-09-18 19:04:52
639,Chernyshevskiy,63.0128,112.4714,275.49,71,100,0.75,RU,2021-09-18 19:04:53
640,Rockport,28.0206,-97.0544,307.61,62,40,1.79,US,2021-09-18 19:04:53
641,Udachnyy,66.4167,112.4,270.93,88,34,1.57,RU,2021-09-18 19:04:54
642,Warrnambool,-38.3833,142.4833,284.16,78,100,10.42,AU,2021-09-18 19:04:54
643,Vengerovo,55.6848,76.7471,279.08,76,100,3.41,RU,2021-09-18 19:04:55
644,Sakakah,29.9697,40.2064,303.29,20,0,4.0,SA,2021-09-18 19:04:55
645,Maniitsoq,65.4167,-52.9,276.3,54,12,1.38,GL,2021-09-18 19:04:56
646,Atasu,48.6814,71.6433,284.46,38,98,3.73,KZ,2021-09-18 19:04:56
647,Bela,25.9333,81.9833,299.76,83,4,1.89,IN,2021-09-18 19:04:57
648,Moba,33.2288,105.0179,284.16,80,100,2.36,CN,2021-09-18 19:04:57
649,Deputatskiy,69.3,139.9,268.34,97,100,5.43,RU,2021-09-18 19:04:58
650,Lhokseumawe,5.1801,97.1507,298.63,87,79,1.35,ID,2021-09-18 19:04:58
651,Rocha,-34.4833,-54.3333,293.29,69,0,4.11,UY,2021-09-18 19:04:59
652,Abha,18.2164,42.5053,295.29,13,0,5.14,SA,2021-09-18 19:04:59
653,Naberera,-4.2,36.9333,291.24,68,99,7.5,TZ,2021-09-18 19:05:00
654,Phek,25.6667,94.5,288.77,99,96,0.18,IN,2021-09-18 19:05:00
655,Namibe,-15.1961,12.1522,289.73,83,6,5.36,AO,2021-09-18 19:05:00
656,Kimbe,-5.5502,150.1429,296.54,92,88,1.52,PG,2021-09-18 19:05:01
657,Kidal,18.4411,1.4078,309.57,12,1,3.91,ML,2021-09-18 19:05:04
658,Pimentel,-6.8367,-79.9342,292.41,76,85,6.24,PE,2021-09-18 19:05:05
659,Hay+River,60.8156,-115.7999,284.34,64,84,4.52,CA,2021-09-18 19:00:42
660,Santa+Cruz+Del+Norte,23.1539,-81.9236,305.49,67,32,6.18,CU,2021-09-18 19:05:06
661,Araguacu,-12.9306,-49.8264,311.52,10,2,1.44,BR,2021-09-18 19:05:06
662,Catamarca,-28.4696,-65.7852,304.53,29,85,4.47,AR,2021-09-18 19:01:05
663,Porto+Novo,6.4965,2.6036,298.55,84,75,3.01,BJ,2021-09-18 19:05:07
664,Bara,10.3744,10.7288,300.18,71,32,2.4,NG,2021-09-18 19:05:08
665,Manoel+Urbano,-8.8389,-69.2597,307.97,38,93,0.71,BR,2021-09-18 19:05:08
666,Abu+Zabad,12.35,29.25,296.24,82,48,1.68,SD,2021-09-18 19:05:09
667,Rumoi,43.9344,141.6428,288.74,88,20,0.26,JP,2021-09-18 19:05:10
668,Ilhabela,-23.7781,-45.3581,295.74,88,60,1.58,BR,2021-09-18 19:05:11
669,Nerchinsk,51.9833,116.5833,276.42,80,5,1.67,RU,2021-09-18 19:05:11
