City_ID,City,Lat,Lng,Max Temp,Humidity,Cloudiness,Wind Speed,Country,Date,Description
0,Rikitea,-23.1203,-134.9692,296.64,71,52,6.39,PF,2021-09-16 23:43:02,light rain
1,Cape+Town,-33.9258,18.4232,286.42,71,0,1.79,ZA,2021-09-16 23:44:02,clear sky
2,Mataura,-46.1927,168.8643,280.64,51,32,2.74,NZ,2021-09-16 23:46:29,scattered clouds
3,Victoria,22.2855,114.1577,302.22,82,52,0.45,HK,2021-09-16 23:51:16,light rain
4,Mahebourg,-20.4081,57.7,294.31,94,75,1.54,MU,2021-09-16 23:46:20,broken clouds
5,Khatanga,71.9667,102.5,273.02,89,100,1.61,RU,2021-09-16 23:42:21,overcast clouds
6,Dikson,73.5069,80.5464,274.89,77,100,7.36,RU,2021-09-16 23:47:58,overcast clouds
7,Henties+Bay,-22.116,14.2845,284.18,90,16,1.13,NA,2021-09-16 23:46:24,few clouds
8,Pirgos,35.1167,25.7178,298.42,53,0,3.91,GR,2021-09-16 23:47:11,clear sky
9,Atuona,-9.8,-139.0333,298.28,79,18,7.11,PF,2021-09-16 23:47:28,light rain
10,Qui+Nhon,13.7667,109.2333,299.68,86,75,1.38,VN,2021-09-16 23:51:25,broken clouds
11,Gambela,8.25,34.5833,294.09,97,100,1.59,ET,2021-09-16 23:52:41,moderate rain
12,Tura,25.5198,90.2201,295.29,95,99,1.41,IN,2021-09-16 23:50:46,overcast clouds
13,Hermanus,-34.4187,19.2345,283.6,76,18,3.8,ZA,2021-09-16 23:46:34,few clouds
14,Port+Macquarie,-31.4333,152.9167,289.13,58,0,2.42,AU,2021-09-16 23:52:42,clear sky
15,Georgetown,5.4112,100.3354,300.31,82,40,1.54,MY,2021-09-16 23:51:09,scattered clouds
16,Sokoto,13.0609,5.239,297.16,82,64,5.33,NG,2021-09-16 23:52:43,broken clouds
17,Barrow,71.2906,-156.7887,274.16,93,90,5.14,US,2021-09-16 23:47:19,light snow
18,Hilo,19.7297,-155.09,302.19,77,90,3.09,US,2021-09-16 23:46:22,overcast clouds
19,Chokurdakh,70.6333,147.9167,278.43,77,99,0.96,RU,2021-09-16 23:46:31,overcast clouds
20,Butaritari,3.0707,172.7902,301.15,76,33,7.13,KI,2021-09-16 23:43:03,light rain
21,Vaini,-21.2,-175.2,300.24,89,20,3.6,TO,2021-09-16 23:46:50,few clouds
22,Hobart,-42.8794,147.3294,285.96,64,20,1.79,AU,2021-09-16 23:51:34,few clouds
23,Cherskiy,68.75,161.3,277.66,58,90,7.36,RU,2021-09-16 23:52:45,overcast clouds
24,Yellowknife,62.456,-114.3525,282.44,49,20,3.6,CA,2021-09-16 23:46:21,few clouds
25,Ushuaia,-54.8,-68.3,275.96,60,75,0.0,AR,2021-09-16 23:43:03,broken clouds
26,Bredasdorp,-34.5322,20.0403,283.77,87,8,1.54,ZA,2021-09-16 23:42:05,clear sky
27,Nikolskoye,59.7035,30.7861,278.09,94,25,0.38,RU,2021-09-16 23:47:22,scattered clouds
28,Longyearbyen,78.2186,15.6401,278.06,81,75,2.57,SJ,2021-09-16 23:52:46,light rain
29,Mareeba,-17.0,145.4333,297.86,63,29,4.08,AU,2021-09-16 23:50:10,scattered clouds
30,Pisco,-13.7,-76.2167,290.18,77,20,6.17,PE,2021-09-16 23:50:22,few clouds
31,Punta+Arenas,-53.15,-70.9167,276.21,93,90,5.66,CL,2021-09-16 23:39:02,light intensity drizzle
32,Alofi,-19.0595,-169.9187,301.09,74,75,6.69,NU,2021-09-16 23:49:52,light rain
33,Ponta+Do+Sol,32.6667,-17.1,296.5,68,17,3.05,PT,2021-09-16 23:47:35,few clouds
34,Faya,18.3851,42.4509,291.44,52,45,0.98,SA,2021-09-16 23:50:31,scattered clouds
35,Lima,-12.0432,-77.0282,288.29,77,90,3.09,PE,2021-09-16 23:43:00,overcast clouds
36,Salinas,36.6777,-121.6555,297.12,72,75,6.69,US,2021-09-16 23:52:49,broken clouds
37,Carnarvon,-24.8667,113.6333,285.19,66,31,4.12,AU,2021-09-16 23:48:09,scattered clouds
38,Castro,-24.7911,-50.0119,285.3,97,100,3.93,BR,2021-09-16 23:48:10,overcast clouds
39,Hithadhoo,-0.6,73.0833,301.63,72,99,4.24,MV,2021-09-16 23:47:59,overcast clouds
40,Upernavik,72.7868,-56.1549,269.73,55,100,2.31,GL,2021-09-16 23:46:18,overcast clouds
41,Portland,45.5234,-122.6762,298.89,26,1,1.34,US,2021-09-16 23:50:07,clear sky
42,Lagoa,39.05,-27.9833,294.46,91,49,5.97,PT,2021-09-16 23:47:49,scattered clouds
43,Busselton,-33.65,115.3333,284.63,69,75,2.42,AU,2021-09-16 23:46:11,broken clouds
44,Lompoc,34.6391,-120.4579,296.24,74,1,6.17,US,2021-09-16 23:49:05,clear sky
45,Cerritos,33.8583,-118.0648,305.34,61,1,2.68,US,2021-09-16 23:52:51,clear sky
46,Havelock,34.8791,-76.9013,300.14,88,75,4.63,US,2021-09-16 23:47:04,broken clouds
47,Arraial+Do+Cabo,-22.9661,-42.0278,295.13,88,90,4.12,BR,2021-09-16 23:42:51,mist
48,Belmonte,-15.8631,-38.8828,298.43,85,37,3.46,BR,2021-09-16 23:52:52,scattered clouds
49,Zhangjiakou,40.81,114.8794,289.09,62,0,0.38,CN,2021-09-16 23:52:53,clear sky
50,East+London,-33.0153,27.9116,287.14,64,64,6.44,ZA,2021-09-16 23:47:45,broken clouds
51,Ancud,-41.8697,-73.8203,283.39,91,100,5.14,CL,2021-09-16 23:46:33,overcast clouds
52,Ribeira+Grande,38.5167,-28.7,295.48,84,95,2.15,PT,2021-09-16 23:42:47,overcast clouds
53,Nouakchott,18.0858,-15.9785,302.11,72,98,5.18,MR,2021-09-16 23:49:07,overcast clouds
54,Lebu,-37.6167,-73.65,282.79,91,0,3.52,CL,2021-09-16 23:45:57,clear sky
55,Klaksvik,62.2266,-6.589,285.66,97,100,14.34,FO,2021-09-16 23:52:55,overcast clouds
56,San+Cristobal,7.7669,-72.225,297.25,98,70,1.54,VE,2021-09-16 23:49:19,broken clouds
57,Mar+Del+Plata,-38.0023,-57.5575,290.16,59,0,2.57,AR,2021-09-16 23:46:45,clear sky
58,Saint-Philippe,-21.3585,55.7679,293.9,83,44,2.83,RE,2021-09-16 23:48:23,light rain
59,Polis,35.0367,32.4264,295.05,67,0,1.32,CY,2021-09-16 23:52:57,clear sky
60,Geraldton,-28.7667,114.6,285.38,87,75,0.0,AU,2021-09-16 23:47:30,broken clouds
61,Camopi,3.1655,-52.3158,294.85,99,58,1.17,GF,2021-09-16 23:52:57,broken clouds
62,Candolim,15.5181,73.7626,299.15,89,75,2.06,IN,2021-09-16 23:52:58,broken clouds
63,Deputatskiy,69.3,139.9,278.51,76,100,0.83,RU,2021-09-16 23:50:54,overcast clouds
64,Mutsu,41.2894,141.2169,292.33,66,99,5.05,JP,2021-09-16 23:52:59,overcast clouds
65,Sao+Filipe,14.8961,-24.4956,299.46,81,100,3.68,CV,2021-09-16 23:43:00,overcast clouds
66,Puerto+Ayora,-0.7393,-90.3518,292.9,95,52,0.89,EC,2021-09-16 23:46:28,broken clouds
67,Sarahan,31.5167,77.8,287.49,86,17,1.23,IN,2021-09-16 23:53:00,few clouds
68,Luang+Prabang,19.8856,102.1347,296.64,95,100,0.32,LA,2021-09-16 23:53:00,overcast clouds
69,Aklavik,68.2191,-135.0107,288.61,58,20,3.09,CA,2021-09-16 23:46:40,few clouds
70,Tiksi,71.6872,128.8694,277.45,91,96,4.07,RU,2021-09-16 23:46:41,overcast clouds
71,Tuktoyaktuk,69.4541,-133.0374,286.15,62,20,4.63,CA,2021-09-16 23:51:31,few clouds
72,Priiskovyy,51.9333,116.6333,282.58,75,15,2.21,RU,2021-09-16 23:53:02,few clouds
73,Khorinsk,52.1657,109.7726,281.95,78,77,0.46,RU,2021-09-16 23:53:02,broken clouds
74,Ingham,42.6,-84.3833,297.25,66,1,3.09,US,2021-09-16 23:48:05,clear sky
75,Kargasok,59.0556,80.8572,285.04,96,100,5.33,RU,2021-09-16 23:53:03,overcast clouds
76,Arman,59.7,150.1667,286.12,70,5,1.24,RU,2021-09-16 23:53:03,clear sky
77,Pleshanovo,52.8333,53.4833,280.75,62,84,4.93,RU,2021-09-16 23:53:04,broken clouds
78,Clyde+River,70.4692,-68.5914,272.28,86,40,4.12,CA,2021-09-16 23:48:27,scattered clouds
79,Prince+Rupert,54.3161,-130.3201,285.2,72,90,5.14,CA,2021-09-16 23:53:04,light rain
80,Qaanaaq,77.484,-69.3632,266.28,78,99,2.48,GL,2021-09-16 23:53:05,overcast clouds
81,Avarua,-21.2078,-159.775,297.18,88,75,10.29,CK,2021-09-16 23:46:51,broken clouds
82,Port+Elizabeth,-33.918,25.5701,285.31,71,40,6.17,ZA,2021-09-16 23:46:42,scattered clouds
83,Vilhena,-12.7406,-60.1458,296.57,72,48,1.77,BR,2021-09-16 23:46:48,scattered clouds
84,Sakaiminato,35.55,133.2333,299.14,73,75,3.09,JP,2021-09-16 23:53:06,light rain
85,Pangody,65.85,74.4859,276.54,92,96,7.11,RU,2021-09-16 23:53:06,overcast clouds
86,Bluff,-46.6,168.3333,280.82,52,81,5.75,NZ,2021-09-16 23:53:07,broken clouds
87,San+Patricio,28.017,-97.5169,306.38,57,98,5.16,US,2021-09-16 23:46:36,overcast clouds
88,Souillac,-20.5167,57.5167,294.36,94,75,1.54,MU,2021-09-16 23:47:05,broken clouds
89,Port+Blair,11.6667,92.75,298.79,85,90,3.15,IN,2021-09-16 23:51:29,overcast clouds
90,Reconquista,-29.15,-59.65,288.78,52,4,4.03,AR,2021-09-16 23:47:48,clear sky
91,Harper,4.375,-7.7169,298.18,87,94,4.12,LR,2021-09-16 23:50:29,light rain
92,Kavieng,-2.5744,150.7967,301.46,70,54,4.0,PG,2021-09-16 23:48:05,light rain
93,Eidsvag,62.7767,8.0668,285.51,81,100,2.0,NO,2021-09-16 23:53:09,overcast clouds
94,Kolpashevo,58.3131,82.9089,283.92,94,100,5.4,RU,2021-09-16 23:49:12,overcast clouds
95,Cabedelo,-6.9811,-34.8339,298.52,83,5,6.57,BR,2021-09-16 23:49:21,clear sky
96,Maniitsoq,65.4167,-52.9,276.12,56,98,2.34,GL,2021-09-16 23:48:14,overcast clouds
97,Kapaa,22.0752,-159.319,303.14,73,5,1.34,US,2021-09-16 23:53:10,light rain
98,Bethel,41.3712,-73.414,295.55,86,79,0.45,US,2021-09-16 23:47:20,broken clouds
99,Komsomolskiy,40.4272,71.7189,291.83,42,0,4.12,UZ,2021-09-16 23:47:46,clear sky
100,Iqaluit,63.7506,-68.5145,275.0,87,20,2.06,CA,2021-09-16 23:48:16,few clouds
101,Albany,42.6001,-73.9662,294.87,86,31,0.46,US,2021-09-16 23:45:39,scattered clouds
102,Minna,9.6139,6.5569,296.02,94,100,0.48,NG,2021-09-16 23:53:12,overcast clouds
103,Leningradskiy,69.3833,178.4167,272.47,76,93,3.3,RU,2021-09-16 23:49:07,overcast clouds
104,Sahuaripa,29.05,-109.2333,306.29,42,31,2.62,MX,2021-09-16 23:53:13,scattered clouds
105,Cidreira,-30.1811,-50.2056,288.6,68,84,6.76,BR,2021-09-16 23:44:39,broken clouds
106,Awbari,26.5921,12.7805,297.97,24,0,3.71,LY,2021-09-16 23:53:14,clear sky
107,Provideniya,64.3833,-173.3,277.21,65,75,4.0,RU,2021-09-16 23:47:02,broken clouds
108,Sao+Joao+Da+Barra,-21.6403,-41.0511,295.89,90,64,6.56,BR,2021-09-16 23:51:12,broken clouds
109,Ostrovnoy,68.0531,39.5131,278.75,86,82,5.0,RU,2021-09-16 23:53:14,broken clouds
110,Kita,13.0349,-9.4895,296.14,94,97,1.67,ML,2021-09-16 23:53:15,light rain
111,Shelburne,44.0787,-80.2041,292.59,78,10,3.15,CA,2021-09-16 23:49:21,clear sky
112,Kahului,20.8947,-156.47,306.16,52,40,11.32,US,2021-09-16 23:50:24,scattered clouds
113,Hofn,64.2539,-15.2082,284.16,98,100,6.02,IS,2021-09-16 23:49:27,light rain
114,Bengkulu,-3.8004,102.2655,297.51,86,15,1.7,ID,2021-09-16 23:53:17,few clouds
115,Sistranda,63.7256,8.834,286.43,87,100,3.1,NO,2021-09-16 23:45:34,overcast clouds
116,Kismayo,-0.3582,42.5454,297.95,85,99,6.53,SO,2021-09-16 23:53:17,overcast clouds
117,Kenai,60.5544,-151.2583,284.28,81,90,12.35,US,2021-09-16 23:49:46,overcast clouds
118,Ahipara,-35.1667,173.1667,287.28,86,97,5.87,NZ,2021-09-16 23:49:58,overcast clouds
119,Cabo+San+Lucas,22.8909,-109.9124,306.27,78,47,4.3,MX,2021-09-16 23:42:51,scattered clouds
120,Tasiilaq,65.6145,-37.6368,275.24,67,6,2.22,GL,2021-09-16 23:46:58,clear sky
121,Vardo,70.3705,31.1107,279.59,71,18,4.44,NO,2021-09-16 23:51:24,few clouds
122,San+Policarpo,12.1791,125.5072,300.42,82,100,1.21,PH,2021-09-16 23:53:19,overcast clouds
123,Nishihara,26.1842,127.7558,301.96,91,75,4.12,JP,2021-09-16 23:53:19,mist
124,Constitucion,-35.3333,-72.4167,283.85,87,0,5.87,CL,2021-09-16 23:47:14,clear sky
125,Xining,36.6167,101.7667,285.35,77,98,0.58,CN,2021-09-16 23:53:20,overcast clouds
126,Yar-Sale,66.8333,70.8333,276.49,91,98,4.64,RU,2021-09-16 23:50:24,overcast clouds
127,Bosaso,11.2842,49.1816,305.71,46,27,1.59,SO,2021-09-16 23:53:21,scattered clouds
128,Nouadhibou,20.931,-17.0347,297.14,78,0,8.23,MR,2021-09-16 23:50:41,clear sky
129,Adelaide,-34.9333,138.6,296.4,34,0,6.69,AU,2021-09-16 23:51:42,clear sky
130,Plavsk,53.7094,37.2919,278.23,75,71,0.89,RU,2021-09-16 23:53:22,broken clouds
131,Jamestown,42.097,-79.2353,294.95,76,1,1.79,US,2021-09-16 23:41:25,clear sky
132,Muzhi,65.3667,64.6667,275.67,80,78,6.62,RU,2021-09-16 23:53:23,broken clouds
133,Carutapera,-1.195,-46.02,298.81,85,1,2.78,BR,2021-09-16 23:50:41,clear sky
134,Pregradnoye,45.8218,41.7469,287.0,66,90,3.21,RU,2021-09-16 23:53:23,overcast clouds
135,Hit,33.6416,42.8251,300.89,38,0,4.07,IQ,2021-09-16 23:53:24,clear sky
136,Mitsamiouli,-11.3847,43.2844,297.32,79,27,4.13,KM,2021-09-16 23:47:52,scattered clouds
137,Fairbanks,64.8378,-147.7164,286.54,51,75,0.0,US,2021-09-16 23:46:23,broken clouds
138,La+Macarena,2.1837,-73.7849,294.39,93,79,0.82,CO,2021-09-16 23:53:25,broken clouds
139,Caravelas,-17.7125,-39.2481,295.65,84,0,2.56,BR,2021-09-16 23:46:39,clear sky
140,Guerrero+Negro,27.9769,-114.0611,296.54,66,8,9.69,MX,2021-09-16 23:43:40,clear sky
141,Lyantonde,-0.4031,31.1572,291.05,87,96,1.9,UG,2021-09-16 23:53:27,overcast clouds
142,Koutsouras,35.0339,25.9469,297.43,56,0,5.0,GR,2021-09-16 23:53:27,clear sky
143,Beloha,-25.1667,45.05,291.56,84,0,1.79,MG,2021-09-16 23:48:30,clear sky
144,Ulagan,50.6321,87.9563,280.87,64,96,1.03,RU,2021-09-16 23:53:28,overcast clouds
145,Llallagua,-18.4167,-66.6333,282.13,64,84,4.65,BO,2021-09-16 23:53:29,broken clouds
146,Rocha,-34.4833,-54.3333,284.52,84,0,2.59,UY,2021-09-16 23:45:14,clear sky
147,Camana,-16.6228,-72.7111,289.09,85,63,3.59,PE,2021-09-16 23:53:30,broken clouds
148,Bathsheba,13.2167,-59.5167,301.49,78,40,7.2,BB,2021-09-16 23:46:45,scattered clouds
149,Vulcan,45.3833,23.2667,289.47,63,86,0.98,RO,2021-09-16 23:53:31,overcast clouds
150,Wilmington,34.2257,-77.9447,300.29,77,100,0.45,US,2021-09-16 23:47:15,overcast clouds
151,Shingu,33.7333,135.9833,297.7,88,99,2.7,JP,2021-09-16 23:51:11,overcast clouds
152,Nang+Rong,14.6377,102.7914,298.38,87,100,1.75,TH,2021-09-16 23:53:32,overcast clouds
153,Namibe,-15.1961,12.1522,289.36,91,24,2.61,AO,2021-09-16 23:51:18,few clouds
154,Palembang,-2.9167,104.7458,298.2,94,20,0.0,ID,2021-09-16 23:53:33,mist
155,Tshane,-24.0196,21.8684,283.29,17,3,4.09,BW,2021-09-16 23:53:33,clear sky
156,Airai,-8.9266,125.4092,295.01,32,65,1.92,TL,2021-09-16 23:48:51,broken clouds
157,Port+Saint+Lucie,27.2939,-80.3503,299.24,84,40,0.89,US,2021-09-16 23:53:34,scattered clouds
158,Sicamous,50.8331,-118.9856,293.87,32,14,1.2,CA,2021-09-16 23:53:34,few clouds
159,Baykit,61.67,96.37,276.02,85,100,1.29,RU,2021-09-16 23:53:35,overcast clouds
160,Svit,49.0601,20.2069,289.32,94,20,1.54,SK,2021-09-16 23:53:35,few clouds
161,Ulladulla,-35.35,150.4667,293.08,53,0,3.05,AU,2021-09-16 23:48:42,clear sky
162,Buala,-8.145,159.5921,302.45,67,53,3.67,SB,2021-09-16 23:48:56,light rain
163,Moussoro,13.6408,16.4901,304.85,28,63,2.8,TD,2021-09-16 23:53:36,broken clouds
164,Port+Alfred,-33.5906,26.891,285.59,76,37,7.29,ZA,2021-09-16 23:46:35,scattered clouds
165,Darhan,49.4867,105.9228,284.9,75,97,2.3,MN,2021-09-16 23:53:37,overcast clouds
166,Santa+Rosa,14.3122,121.1114,301.4,77,100,1.58,PH,2021-09-16 23:53:38,overcast clouds
167,Hambantota,6.1241,81.1185,299.53,84,99,5.24,LK,2021-09-16 23:47:13,overcast clouds
168,Ipameri,-17.7219,-48.1597,299.87,24,2,3.36,BR,2021-09-16 23:49:10,clear sky
169,Nome,64.5011,-165.4064,282.68,53,90,1.54,US,2021-09-16 23:47:23,overcast clouds
170,Dorado,18.4588,-66.2677,302.09,87,24,4.47,PR,2021-09-16 23:53:39,few clouds
171,San+Jose,37.3394,-121.895,300.42,55,1,0.89,US,2021-09-16 23:49:50,clear sky
172,Leshukonskoye,64.8989,45.7622,277.88,95,100,3.01,RU,2021-09-16 23:53:39,overcast clouds
173,Carlsbad,33.1581,-117.3506,303.3,69,1,2.24,US,2021-09-16 23:53:40,clear sky
174,Ganzhou,28.8184,115.4327,297.71,73,0,1.28,CN,2021-09-16 23:53:40,clear sky
175,Broken+Hill,-31.95,141.4333,293.99,23,40,11.83,AU,2021-09-16 23:51:23,scattered clouds
176,Nacala,-14.5428,40.6728,297.78,74,53,4.19,MZ,2021-09-16 23:53:41,broken clouds
177,Coruripe,-10.1256,-36.1756,296.36,87,20,5.44,BR,2021-09-16 23:53:42,few clouds
178,Bloomfield,40.8068,-74.1854,296.4,82,90,1.34,US,2021-09-16 23:53:42,overcast clouds
179,Asosa,10.0667,34.5333,289.64,92,100,1.3,ET,2021-09-16 23:53:43,light rain
180,Bay+Roberts,47.5999,-53.2648,291.17,93,98,2.24,CA,2021-09-16 23:53:43,overcast clouds
181,Mount+Gambier,-37.8333,140.7667,289.1,51,40,6.69,AU,2021-09-16 23:48:17,scattered clouds
182,Havre-Saint-Pierre,50.2334,-63.5986,287.15,93,1,6.17,CA,2021-09-16 23:49:22,clear sky
183,Gwadar,25.1216,62.3254,301.23,68,3,3.11,PK,2021-09-16 23:53:44,clear sky
184,Luoyang,34.6836,112.4536,293.08,93,100,2.98,CN,2021-09-16 23:53:45,light rain
185,Wajima,37.4,136.9,297.53,73,75,2.06,JP,2021-09-16 23:50:53,broken clouds
186,Mopipi,-21.1833,24.8833,292.85,15,5,6.03,BW,2021-09-16 23:53:46,clear sky
187,Kodiak,57.79,-152.4072,284.88,87,90,4.12,US,2021-09-16 23:46:54,light rain
188,Barras,-4.2444,-42.2944,301.78,51,75,4.48,BR,2021-09-16 23:53:47,broken clouds
189,Teguldet,57.3064,88.1667,281.26,97,99,1.71,RU,2021-09-16 23:46:21,overcast clouds
190,Iquitos,-3.7481,-73.2472,301.17,78,20,1.54,PE,2021-09-16 23:53:48,few clouds
191,New+Norfolk,-42.7826,147.0587,285.33,63,27,0.89,AU,2021-09-16 23:46:13,scattered clouds
192,Waingapu,-9.6567,120.2641,301.0,69,22,4.61,ID,2021-09-16 23:53:49,few clouds
193,Salalah,17.0151,54.0924,299.2,89,20,0.0,OM,2021-09-16 23:47:37,few clouds
194,Kutum,14.2,24.6667,300.59,29,75,2.52,SD,2021-09-16 23:53:50,broken clouds
195,Saskylakh,71.9167,114.0833,274.05,97,100,8.57,RU,2021-09-16 23:53:50,light rain
196,Touros,-5.1989,-35.4608,298.65,82,0,7.73,BR,2021-09-16 23:53:51,clear sky
197,Andros,37.8333,24.9333,295.46,58,1,1.5,GR,2021-09-16 23:53:51,clear sky
198,Bardiyah,31.7561,25.0865,297.52,70,0,6.12,LY,2021-09-16 23:53:52,clear sky
199,Buchanan,5.8808,-10.0467,297.84,87,90,2.46,LR,2021-09-16 23:50:30,light rain
200,Tando+Adam,25.7637,68.661,301.18,69,0,4.36,PK,2021-09-16 23:53:53,clear sky
201,Central+Point,42.376,-122.9164,303.3,25,1,1.79,US,2021-09-16 23:51:29,smoke
202,Bandarbeyla,9.4942,50.8122,298.57,84,82,12.02,SO,2021-09-16 23:47:15,broken clouds
203,Saldanha,-33.0117,17.9442,283.18,74,0,7.67,ZA,2021-09-16 23:49:10,clear sky
204,Okha,53.5739,142.9478,285.54,90,100,6.59,RU,2021-09-16 23:53:54,light rain
205,Capreol,46.706,-80.9225,291.41,55,75,4.63,CA,2021-09-16 23:53:54,broken clouds
206,Adre,13.4667,22.2,298.84,34,73,2.66,TD,2021-09-16 23:53:55,broken clouds
207,Sterling,39.0062,-77.4286,296.4,95,90,0.0,US,2021-09-16 23:53:56,overcast clouds
208,Zapolyarnyy,69.4154,30.8136,276.75,72,98,1.65,RU,2021-09-16 23:53:56,overcast clouds
209,Rawson,-43.3002,-65.1023,288.28,45,100,6.72,AR,2021-09-16 23:53:56,overcast clouds
210,Diffa,13.3154,12.6113,303.94,31,50,3.3,NE,2021-09-16 23:51:37,scattered clouds
211,Laguna,38.421,-121.4238,306.73,42,1,1.79,US,2021-09-16 23:48:22,smoke
212,Kaeo,-35.1,173.7833,287.21,82,95,3.48,NZ,2021-09-16 23:44:43,overcast clouds
213,Moron,-34.6534,-58.6198,292.09,42,0,1.34,AR,2021-09-16 23:53:58,clear sky
214,Pevek,69.7008,170.3133,272.62,78,100,8.38,RU,2021-09-16 23:48:37,overcast clouds
215,Faanui,-16.4833,-151.75,299.34,69,5,9.4,PF,2021-09-16 23:53:59,clear sky
216,Safaga,26.7292,33.9365,301.12,44,0,8.62,EG,2021-09-16 23:53:59,clear sky
217,Harrismith,-28.2728,29.1295,280.55,85,86,4.63,ZA,2021-09-16 23:53:59,overcast clouds
218,Mayor+Pablo+Lagerenza,-19.9309,-60.7718,295.61,43,6,2.67,PY,2021-09-16 23:54:00,clear sky
219,Skjervoy,70.0311,20.9714,280.6,70,100,5.41,NO,2021-09-16 23:48:21,overcast clouds
220,Chulumani,-16.4096,-67.5263,290.89,96,98,0.75,BO,2021-09-16 23:54:01,overcast clouds
221,Butajira,8.1167,38.3667,287.16,72,94,1.16,ET,2021-09-16 23:54:01,overcast clouds
222,Rabo+De+Peixe,37.8,-25.5833,293.88,83,20,1.03,PT,2021-09-16 23:49:07,few clouds
223,Balch+Springs,32.7287,-96.6228,305.87,50,40,2.24,US,2021-09-16 23:49:37,scattered clouds
224,Trairi,-3.2778,-39.2689,299.2,86,3,4.93,BR,2021-09-16 23:50:44,clear sky
225,Altamirano,16.8833,-92.15,289.18,97,94,0.73,MX,2021-09-16 23:54:02,overcast clouds
226,Lesozavodsk,45.4794,133.4244,289.8,83,60,1.85,RU,2021-09-16 23:54:03,broken clouds
227,Rondonopolis,-16.4708,-54.6356,304.49,33,55,2.31,BR,2021-09-16 23:49:04,broken clouds
228,Flinders,-34.5833,150.8552,293.18,67,3,2.68,AU,2021-09-16 23:50:14,clear sky
229,Luderitz,-26.6481,15.1594,289.76,39,14,5.85,NA,2021-09-16 23:48:36,few clouds
230,Caborca,30.5838,-111.101,306.76,33,3,3.05,MX,2021-09-16 23:54:04,clear sky
231,Semirom,31.4167,51.5667,286.18,27,0,0.98,IR,2021-09-16 23:54:05,clear sky
232,Vila+Franca+Do+Campo,37.7167,-25.4333,294.38,89,57,1.92,PT,2021-09-16 23:43:07,broken clouds
233,Mount+Isa,-20.7333,139.5,303.02,19,2,6.69,AU,2021-09-16 23:50:33,clear sky
234,Hasaki,35.7333,140.8333,294.37,66,100,3.94,JP,2021-09-16 23:46:24,overcast clouds
235,Dawei,14.0833,98.2,297.09,94,100,1.34,MM,2021-09-16 23:54:06,overcast clouds
236,Yeniseysk,58.4497,92.1703,280.24,93,100,4.55,RU,2021-09-16 23:54:07,light rain
237,Coxim,-18.5067,-54.76,304.55,41,67,2.23,BR,2021-09-16 23:54:07,broken clouds
238,Severo-Kurilsk,50.6789,156.125,285.32,68,4,2.72,RU,2021-09-16 23:47:50,clear sky
239,Pochutla,15.7432,-96.4661,299.16,85,100,0.4,MX,2021-09-16 23:54:08,overcast clouds
240,Qurayyat,31.3318,37.3428,294.25,73,0,5.14,SA,2021-09-16 23:54:09,clear sky
241,Zyryanka,65.75,150.85,285.96,53,37,6.8,RU,2021-09-16 23:48:16,scattered clouds
242,Changtu,42.7788,124.0955,290.32,82,76,3.33,CN,2021-09-16 23:54:09,broken clouds
243,Fukue,32.6881,128.8419,298.35,100,75,15.43,JP,2021-09-16 23:47:53,moderate rain
244,Fernley,39.608,-119.2518,304.29,13,0,1.34,US,2021-09-16 23:44:12,clear sky
245,Los+Llanos+De+Aridane,28.6585,-17.9182,295.01,72,90,5.14,ES,2021-09-16 23:46:16,overcast clouds
246,Mitchell,43.7094,-98.0298,302.1,46,2,1.79,US,2021-09-16 23:54:10,clear sky
247,Saint+Anthony,45.0205,-93.218,303.94,49,1,4.47,US,2021-09-16 23:45:39,clear sky
248,Boyabat,41.4689,34.7667,285.77,84,100,1.71,TR,2021-09-16 23:54:11,overcast clouds
249,Esperance,-33.8667,121.9,281.06,77,99,8.02,AU,2021-09-16 23:54:03,overcast clouds
250,Itarema,-2.9248,-39.9167,299.31,86,0,6.68,BR,2021-09-16 23:54:12,clear sky
251,Gazli,40.1333,63.45,297.18,20,0,4.81,UZ,2021-09-16 23:54:12,clear sky
252,Nivala,63.9167,24.9667,276.86,92,94,1.97,FI,2021-09-16 23:54:13,overcast clouds
253,Bumba,2.1833,22.4667,294.19,95,100,1.57,CD,2021-09-16 23:54:13,overcast clouds
254,Katsuura,35.1333,140.3,295.17,73,100,3.89,JP,2021-09-16 23:49:59,overcast clouds
255,Leh,34.1667,77.5833,284.64,34,0,2.51,IN,2021-09-16 23:44:54,clear sky
256,Norman+Wells,65.282,-126.8329,287.17,51,40,6.17,CA,2021-09-16 23:41:49,scattered clouds
257,Prattville,32.464,-86.4597,299.13,84,90,2.57,US,2021-09-16 23:54:14,overcast clouds
258,Tornio,65.8481,24.1466,278.16,68,100,1.84,FI,2021-09-16 23:54:15,overcast clouds
259,Ahuimanu,21.4447,-157.8378,304.99,67,90,5.66,US,2021-09-16 23:51:07,light rain
260,Honggang,46.4667,124.8667,289.96,68,21,5.74,CN,2021-09-16 23:54:16,few clouds
261,Beyneu,45.3167,55.2,294.37,24,76,7.99,KZ,2021-09-16 23:54:16,broken clouds
262,Thompson,55.7435,-97.8558,285.24,62,75,5.14,CA,2021-09-16 23:47:21,broken clouds
263,Klichka,50.4457,117.996,283.88,73,16,2.97,RU,2021-09-16 23:54:17,few clouds
264,Erzin,36.9559,36.2,293.15,81,8,0.86,TR,2021-09-16 23:54:17,clear sky
265,Nargana,9.4428,-78.5906,300.58,82,89,2.45,PA,2021-09-16 23:54:18,overcast clouds
266,Taltal,-25.4,-70.4833,288.75,70,21,1.74,CL,2021-09-16 23:54:18,few clouds
267,Bambous+Virieux,-20.3428,57.7575,294.29,94,75,1.54,MU,2021-09-16 23:41:52,light rain
268,Tonj,7.2737,28.6822,294.22,97,96,1.72,SS,2021-09-16 23:54:19,overcast clouds
269,Dondo,-19.6094,34.7431,294.34,98,58,1.59,MZ,2021-09-16 23:50:28,broken clouds
270,Camacha,33.0833,-16.3333,294.83,73,20,6.17,PT,2021-09-16 23:54:20,few clouds
271,Jiangyou,31.7667,104.7167,293.44,89,100,0.27,CN,2021-09-16 23:54:20,overcast clouds
272,Cozumel,20.5083,-86.9458,302.56,93,100,1.34,MX,2021-09-16 23:54:21,overcast clouds
273,Chuy,-33.6971,-53.4616,285.03,80,0,2.95,UY,2021-09-16 23:52:59,clear sky
274,Banyo,6.75,11.8167,290.88,89,94,1.18,CM,2021-09-16 23:54:22,overcast clouds
275,Sault+Sainte+Marie,46.5168,-84.3333,294.31,60,1,4.12,CA,2021-09-16 23:54:22,clear sky
276,Vanavara,60.34,102.2797,273.77,93,42,1.22,RU,2021-09-16 23:54:23,scattered clouds
277,Vestmanna,62.1564,-7.1664,284.66,100,90,10.8,FO,2021-09-16 23:48:03,overcast clouds
278,Druzhba,52.0428,33.9453,279.47,73,100,2.35,UA,2021-09-16 23:47:05,overcast clouds
279,Marsa+Matruh,31.3525,27.2453,299.26,61,0,6.69,EG,2021-09-16 23:54:24,clear sky
280,San+Juan,-31.5375,-68.5364,293.0,17,20,6.16,AR,2021-09-16 23:47:55,few clouds
281,Codrington,-38.2667,141.9667,290.18,62,82,10.06,AU,2021-09-16 23:48:54,broken clouds
282,Paka,4.6374,103.4368,297.11,100,40,0.0,MY,2021-09-16 23:51:01,scattered clouds
283,Anadyr,64.75,177.4833,277.43,75,75,9.0,RU,2021-09-16 23:54:25,broken clouds
284,Nchelenge,-9.3451,28.734,297.12,71,39,4.65,ZM,2021-09-16 23:54:25,scattered clouds
285,Asau,46.4333,26.4,292.46,83,95,2.2,RO,2021-09-16 23:51:27,overcast clouds
286,Sisimiut,66.9395,-53.6735,274.34,57,73,3.57,GL,2021-09-16 23:51:11,broken clouds
287,Manaquiri,-3.3167,-60.35,301.4,72,60,0.52,BR,2021-09-16 23:54:26,broken clouds
288,Casablanca,33.5928,-7.6192,295.27,80,1,3.48,MA,2021-09-16 23:50:52,clear sky
289,Araouane,18.9048,-3.5265,307.29,33,50,2.32,ML,2021-09-16 23:54:27,scattered clouds
290,Isangel,-19.55,169.2667,298.21,83,75,0.0,VU,2021-09-16 23:48:19,broken clouds
291,Ugoofaaru,5.6667,73.0,301.18,76,73,5.84,MV,2021-09-16 23:54:28,broken clouds
292,Andenes,69.3143,16.1194,280.63,81,90,3.6,NO,2021-09-16 23:51:04,overcast clouds
293,Kisoro,-1.2854,29.685,287.12,92,99,1.16,UG,2021-09-16 23:54:29,overcast clouds
294,La+Libertad,-2.2333,-80.9,293.88,86,80,4.55,EC,2021-09-16 23:54:29,broken clouds
295,Eregli,37.5133,34.0467,286.67,82,58,2.18,TR,2021-09-16 23:54:30,broken clouds
296,Samarai,-10.6167,150.6667,298.52,74,93,8.3,PG,2021-09-16 23:49:55,overcast clouds
297,Kuznechnoye,61.12,29.8686,277.97,75,62,2.41,RU,2021-09-16 23:47:29,broken clouds
298,Umm+Lajj,25.0213,37.2685,300.58,70,25,3.06,SA,2021-09-16 23:50:11,scattered clouds
299,Mundi,22.0667,76.5,295.92,91,100,5.12,IN,2021-09-16 23:54:31,overcast clouds
300,Sungaipenuh,-2.0833,101.3833,292.03,94,49,1.86,ID,2021-09-16 23:49:37,scattered clouds
301,Winthrop,42.3751,-70.9828,292.29,87,90,3.09,US,2021-09-16 23:54:32,overcast clouds
302,Thinadhoo,0.5333,72.9333,301.91,71,99,3.65,MV,2021-09-16 23:42:27,overcast clouds
303,Nuuk,64.1835,-51.7216,276.4,57,100,3.22,GL,2021-09-16 23:54:33,overcast clouds
304,Hwange,-18.3693,26.5019,296.9,28,31,0.78,ZW,2021-09-16 23:54:33,scattered clouds
305,Vao,-22.6667,167.4833,293.54,61,0,6.92,NC,2021-09-16 23:54:34,clear sky
306,Sinjar,36.3209,41.8754,296.7,37,0,2.76,IQ,2021-09-16 23:54:34,clear sky
307,Luanda,-8.8368,13.2343,296.15,83,75,3.09,AO,2021-09-16 23:51:19,broken clouds
308,Elizabeth+City,36.2946,-76.2511,299.27,85,75,4.12,US,2021-09-16 23:54:35,broken clouds
309,Meadow+Lake,34.8014,-106.5436,305.83,12,2,6.79,US,2021-09-16 23:54:35,clear sky
310,Yining,29.0361,114.5636,297.35,76,0,0.68,CN,2021-09-16 23:54:36,clear sky
311,Lorengau,-2.0226,147.2712,301.7,69,48,4.4,PG,2021-09-16 23:54:36,scattered clouds
312,Tarauaca,-8.1614,-70.7656,296.1,93,35,0.95,BR,2021-09-16 23:54:37,scattered clouds
313,Bhawana,31.5692,72.649,302.45,56,14,3.77,PK,2021-09-16 23:54:37,few clouds
314,Olinda,-8.0089,-34.8553,298.0,73,40,7.2,BR,2021-09-16 23:54:38,scattered clouds
315,Mahibadhoo,3.7833,72.9667,301.41,70,98,3.96,MV,2021-09-16 23:49:13,overcast clouds
316,Bousso,10.4795,16.7117,296.54,80,95,2.22,TD,2021-09-16 23:49:48,overcast clouds
317,Nanortalik,60.1432,-45.2371,277.04,86,100,2.98,GL,2021-09-16 23:41:48,overcast clouds
318,Sedhiou,12.7081,-15.5569,299.22,98,100,1.76,SN,2021-09-16 23:54:39,light rain
319,Saurimo,-9.6608,20.3916,293.29,72,81,2.3,AO,2021-09-16 23:54:39,broken clouds
320,Huanren,41.2647,125.3667,291.32,87,100,1.43,CN,2021-09-16 23:54:40,overcast clouds
321,Nyrob,60.733,56.7202,278.03,90,100,4.57,RU,2021-09-16 23:49:56,overcast clouds
322,Pangnirtung,66.1451,-65.7125,274.18,92,100,1.38,CA,2021-09-16 23:48:34,overcast clouds
323,Sorland,67.667,12.6934,284.58,68,100,3.08,NO,2021-09-16 23:49:29,overcast clouds
324,Vaitape,-16.5167,-151.75,299.27,69,2,9.38,PF,2021-09-16 23:54:41,clear sky
325,Yuncheng,35.0231,110.9928,292.68,95,100,0.83,CN,2021-09-16 23:54:41,light rain
326,Male,4.1748,73.5089,302.12,79,75,6.17,MV,2021-09-16 23:54:42,broken clouds
327,Lagdo,9.05,13.7333,294.05,95,100,1.65,CM,2021-09-16 23:54:43,overcast clouds
328,La+Asuncion,11.0333,-63.8628,300.12,83,0,7.61,VE,2021-09-16 23:54:43,clear sky
329,Tuatapere,-46.1333,167.6833,280.83,58,25,2.87,NZ,2021-09-16 23:49:09,scattered clouds
330,Tautira,-17.7333,-149.15,302.16,74,26,7.77,PF,2021-09-16 23:49:58,scattered clouds
331,Dargaville,-35.9333,173.8833,285.73,85,100,4.53,NZ,2021-09-16 23:54:44,overcast clouds
332,Makakilo+City,21.3469,-158.0858,302.01,68,90,5.66,US,2021-09-16 23:54:44,light rain
333,Wellington,-41.2866,174.7756,285.24,77,90,1.79,NZ,2021-09-16 23:46:10,overcast clouds
334,Sinjai,-5.1241,120.253,300.09,77,90,2.4,ID,2021-09-16 23:54:45,overcast clouds
335,Senador+Pompeu,-5.5881,-39.3717,300.79,59,2,4.47,BR,2021-09-16 23:54:46,clear sky
336,Takaka,-40.85,172.8,285.13,57,94,3.46,NZ,2021-09-16 23:54:46,overcast clouds
337,Abu+Dhabi,24.4667,54.3667,306.16,79,0,2.06,AE,2021-09-16 23:51:02,clear sky
338,Abu+Samrah,35.3029,37.1841,292.82,78,0,2.51,SY,2021-09-16 23:54:47,clear sky
339,Port+Hedland,-20.3167,118.5667,293.18,64,4,3.09,AU,2021-09-16 23:48:00,clear sky
340,Castelo+Branco,39.8222,-7.4909,291.92,80,9,1.3,PT,2021-09-16 23:54:48,light rain
341,Bida,9.0833,6.0167,297.02,95,100,1.75,NG,2021-09-16 23:54:48,overcast clouds
342,Pontianak,-0.0333,109.3333,299.14,94,75,1.54,ID,2021-09-16 23:53:00,light rain
343,Serafimovich,49.5786,42.736,281.18,60,0,1.37,RU,2021-09-16 23:54:49,clear sky
344,Tilichiki,60.4667,166.1,283.74,60,47,0.69,RU,2021-09-16 23:54:49,scattered clouds
345,Lebanon,36.2081,-86.2911,301.18,73,90,0.0,US,2021-09-16 23:50:58,overcast clouds
346,Evensk,61.95,159.2333,283.02,80,27,2.97,RU,2021-09-16 23:54:50,scattered clouds
347,Varva,50.495,32.7197,283.27,54,78,3.15,UA,2021-09-16 23:54:51,broken clouds
348,Noumea,-22.2763,166.4572,296.14,57,59,4.64,NC,2021-09-16 23:46:47,broken clouds
349,Natal,-5.795,-35.2094,299.27,83,20,5.66,BR,2021-09-16 23:54:52,few clouds
350,Vostok,46.4856,135.8833,284.67,93,100,1.44,RU,2021-09-16 23:54:52,overcast clouds
351,Whitehorse,60.7161,-135.0538,283.58,50,90,7.2,CA,2021-09-16 23:50:08,overcast clouds
352,Robertsport,6.7533,-11.3686,298.72,82,36,2.59,LR,2021-09-16 23:51:19,light rain
353,Olafsvik,64.8945,-23.7142,280.54,81,89,8.6,IS,2021-09-16 23:54:53,overcast clouds
354,Gobabis,-22.45,18.9667,283.11,30,7,4.61,NA,2021-09-16 23:54:54,clear sky
355,Lasa,46.6166,10.7002,288.72,94,100,1.42,IT,2021-09-16 23:48:47,overcast clouds
356,Kruisfontein,-34.0033,24.7314,283.09,81,6,4.34,ZA,2021-09-16 23:42:34,clear sky
357,Labuhan,-6.8844,112.2051,299.58,80,74,3.37,ID,2021-09-16 23:54:54,broken clouds
358,Mildura,-34.2,142.15,292.08,34,75,3.6,AU,2021-09-16 23:53:29,broken clouds
359,Aswan,24.0934,32.907,300.76,29,0,5.66,EG,2021-09-16 23:54:55,clear sky
360,Omboue,-1.5746,9.2618,297.93,83,100,3.06,GA,2021-09-16 23:54:56,overcast clouds
361,Meulaboh,4.1363,96.1285,297.47,86,83,1.83,ID,2021-09-16 23:50:06,broken clouds
362,Simao,22.7886,100.9748,291.31,98,96,0.69,CN,2021-09-16 23:50:57,overcast clouds
363,Uhlove,44.8215,33.6045,287.91,45,2,2.65,UA,2021-09-16 23:54:57,clear sky
364,Redlands,34.0556,-117.1825,307.96,30,1,1.79,US,2021-09-16 23:53:17,clear sky
365,Ajaccio,42.0,8.9167,296.42,83,75,2.57,FR,2021-09-16 23:54:57,broken clouds
366,Adwa,14.1646,38.8955,289.02,57,66,1.25,ET,2021-09-16 23:54:58,broken clouds
367,Kerteminde,55.449,10.6577,287.23,86,98,9.03,DK,2021-09-16 23:54:58,overcast clouds
368,Khuzdar,27.7384,66.6434,298.28,63,0,2.66,PK,2021-09-16 23:54:59,clear sky
369,Sao+Gabriel+Da+Cachoeira,-0.1303,-67.0892,298.82,76,62,0.35,BR,2021-09-16 23:54:59,broken clouds
370,Turtas,58.9417,69.1325,276.66,97,70,3.16,RU,2021-09-16 23:55:00,broken clouds
371,Akcaabat,41.0212,39.5715,293.08,73,75,4.12,TR,2021-09-16 23:55:00,broken clouds
372,Pacific+Grove,36.6177,-121.9166,296.9,84,75,1.34,US,2021-09-16 23:50:23,broken clouds
373,Elista,46.3078,44.2558,283.44,46,100,1.0,RU,2021-09-16 23:55:01,overcast clouds
374,Antalaha,-14.9003,50.2788,294.6,80,68,1.9,MG,2021-09-16 23:55:01,broken clouds
375,Tazovskiy,67.4667,78.7,276.84,92,89,6.15,RU,2021-09-16 23:55:03,overcast clouds
376,Freeport,40.6576,-73.5832,296.58,85,90,2.24,US,2021-09-16 23:50:23,overcast clouds
377,Kloulklubed,7.0419,134.2556,299.7,80,100,4.64,PW,2021-09-16 23:51:18,overcast clouds
378,Macesu+De+Sus,43.9167,23.7,295.99,39,84,0.39,RO,2021-09-16 23:55:04,broken clouds
379,Luena,-11.7833,19.9167,291.92,31,15,1.54,AO,2021-09-16 23:55:05,few clouds
380,Roznava,48.6601,20.5376,288.64,80,95,1.69,SK,2021-09-16 23:55:05,overcast clouds
381,Alugan,12.2188,125.4808,300.33,83,100,1.36,PH,2021-09-16 23:55:06,overcast clouds
382,Wolmirstedt,52.25,11.6333,289.25,92,61,5.81,DE,2021-09-16 23:55:06,broken clouds
383,Svetlaya,46.5389,138.3297,289.59,76,64,2.9,RU,2021-09-16 23:55:07,broken clouds
384,The+Valley,18.217,-63.0578,301.23,78,20,4.63,AI,2021-09-16 23:55:07,few clouds
385,Gamba,-2.65,10.0,297.55,90,93,2.44,GA,2021-09-16 23:55:07,light rain
386,Fortuna,40.5982,-124.1573,302.14,65,1,1.79,US,2021-09-16 23:46:15,clear sky
387,Surt,31.2089,16.5887,297.84,60,0,4.18,LY,2021-09-16 23:55:08,clear sky
388,Kudahuvadhoo,2.6708,72.8944,301.25,72,96,3.19,MV,2021-09-16 23:48:08,overcast clouds
389,Cockburn+Town,21.4612,-71.1419,302.13,79,40,4.12,TC,2021-09-16 23:47:37,scattered clouds
390,Konza,-1.7426,37.1294,286.95,94,55,1.4,KE,2021-09-16 23:55:09,broken clouds
391,Fayaoue,-20.65,166.5333,294.82,61,6,5.0,NC,2021-09-16 23:55:10,clear sky
392,Rosarito,32.3333,-117.0333,299.59,67,0,4.71,MX,2021-09-16 23:55:10,clear sky
393,Finschhafen,-6.6024,147.8681,299.38,80,98,4.7,PG,2021-09-16 23:55:11,overcast clouds
394,Traismauer,48.3519,15.7635,292.66,97,100,2.8,AT,2021-09-16 23:55:11,light rain
395,Neiafu,-18.65,-173.9833,301.53,69,20,5.14,TO,2021-09-16 23:55:12,few clouds
396,Sfantu+Gheorghe,45.8667,25.7833,292.19,68,85,0.98,RO,2021-09-16 23:55:12,overcast clouds
397,Yagodnoye,62.55,149.6667,286.55,46,0,2.3,RU,2021-09-16 23:55:13,clear sky
398,Linxia,35.6003,103.2064,288.35,72,100,1.35,CN,2021-09-16 23:55:13,overcast clouds
399,Sur,22.5667,59.5289,302.72,55,67,2.06,OM,2021-09-16 23:49:46,broken clouds
400,Dzaoudzi,-12.7887,45.2699,296.09,83,20,1.03,YT,2021-09-16 23:55:14,few clouds
401,Belokurikha,51.9959,84.9896,284.37,52,18,3.19,RU,2021-09-16 23:55:15,few clouds
402,Puerto+Colombia,10.9878,-74.9547,302.2,84,41,4.61,CO,2021-09-16 23:55:15,scattered clouds
403,Pafos,34.7667,32.4167,295.03,68,0,2.06,CY,2021-09-16 23:55:15,clear sky
404,Fereydunshahr,32.941,50.121,284.24,32,0,1.17,IR,2021-09-16 23:55:16,clear sky
405,Ishigaki,24.3448,124.1572,302.22,89,40,4.63,JP,2021-09-16 23:47:36,scattered clouds
406,Tocopilla,-22.092,-70.1979,290.01,68,27,3.59,CL,2021-09-16 23:51:53,scattered clouds
407,Keita,14.7551,5.7749,300.63,56,76,2.05,NE,2021-09-16 23:55:17,broken clouds
408,Nichinan,31.6,131.3667,298.68,87,93,4.19,JP,2021-09-16 23:55:17,overcast clouds
409,Angoche,-16.2325,39.9086,295.74,86,23,4.62,MZ,2021-09-16 23:55:18,few clouds
410,La+Ronge,55.1001,-105.2842,280.29,93,90,5.14,CA,2021-09-16 23:48:18,overcast clouds
411,Lebowakgomo,-24.2,29.5,287.65,70,1,1.58,ZA,2021-09-16 23:55:18,clear sky
412,Sakti,22.0333,82.9667,296.16,92,100,0.7,IN,2021-09-16 23:55:19,overcast clouds
413,Ojinaga,29.5667,-104.4167,309.68,17,1,0.0,MX,2021-09-16 23:55:19,clear sky
414,Kincardine,56.0667,-3.7167,289.73,93,100,2.21,GB,2021-09-16 23:55:20,overcast clouds
415,Sosnovo-Ozerskoye,52.5249,111.5418,280.33,70,67,3.47,RU,2021-09-16 23:55:20,broken clouds
416,Alice+Springs,-23.7,133.8833,300.9,18,0,6.69,AU,2021-09-16 23:47:44,clear sky
417,Broome,42.2506,-75.833,294.83,71,90,0.89,US,2021-09-16 23:47:33,overcast clouds
418,Panguna,-6.3164,155.4848,298.23,68,96,0.94,PG,2021-09-16 23:55:21,overcast clouds
419,Solnechnyy,50.7214,136.6319,289.16,60,31,1.48,RU,2021-09-16 23:49:04,scattered clouds
420,Sinyavskoye,47.277,39.2789,283.55,43,2,2.52,RU,2021-09-16 23:55:22,clear sky
421,Auki,-8.7676,160.7034,302.66,65,46,2.25,SB,2021-09-16 23:47:59,scattered clouds
422,Ilulissat,69.2167,-51.1,264.68,74,0,2.65,GL,2021-09-16 23:55:23,clear sky
423,Chesterville,44.5512,-70.0862,289.52,93,0,1.02,US,2021-09-16 23:55:23,clear sky
424,Bam,29.106,58.357,299.61,10,0,1.95,IR,2021-09-16 23:55:23,clear sky
425,Emba,48.8264,58.1442,284.81,51,75,4.44,KZ,2021-09-16 23:55:24,broken clouds
426,Chara,56.9064,118.2631,276.27,68,100,1.91,RU,2021-09-16 23:50:36,overcast clouds
427,Bubaque,11.2833,-15.8333,299.78,80,97,3.31,GW,2021-09-16 23:46:58,moderate rain
428,Paamiut,61.994,-49.6678,276.78,72,100,3.64,GL,2021-09-16 23:55:11,overcast clouds
429,Torzhok,57.0436,34.9622,277.46,81,87,1.37,RU,2021-09-16 23:55:25,overcast clouds
430,Singaraja,-8.112,115.0882,300.26,77,85,1.2,ID,2021-09-16 23:55:26,overcast clouds
431,Mao,39.8885,4.2658,295.46,94,0,2.06,ES,2021-09-16 23:55:26,clear sky
432,Qaqortoq,60.7167,-46.0333,277.05,71,100,1.89,GL,2021-09-16 23:51:27,overcast clouds
433,Kajaani,64.2273,27.7285,276.18,81,90,2.06,FI,2021-09-16 23:55:27,overcast clouds
434,Parli,18.8486,76.5297,295.19,86,95,3.11,IN,2021-09-16 23:55:27,overcast clouds
435,Dosso,13.049,3.1937,299.09,79,51,3.56,NE,2021-09-16 23:55:28,broken clouds
436,Dingle,10.9995,122.6711,297.85,93,100,1.86,PH,2021-09-16 23:48:11,overcast clouds
437,Puerto+Madryn,-42.7692,-65.0385,288.38,50,96,7.84,AR,2021-09-16 23:50:59,overcast clouds
438,Souris,49.6172,-100.2612,291.07,22,72,7.21,CA,2021-09-16 23:55:29,broken clouds
439,Anuchino,43.9622,133.0544,288.74,95,100,0.28,RU,2021-09-16 23:55:29,overcast clouds
440,Yulara,-25.2406,130.9889,295.06,56,75,3.09,AU,2021-09-16 23:50:18,broken clouds
441,Belyy,55.8402,32.9419,275.29,84,100,1.33,RU,2021-09-16 23:55:30,overcast clouds
442,Banjarmasin,-3.3244,114.591,297.23,90,99,0.79,ID,2021-09-16 23:55:30,overcast clouds
443,Wejherowo,54.6057,18.2356,289.62,90,100,0.45,PL,2021-09-16 23:55:31,overcast clouds
444,Shaowu,27.3409,117.4831,297.78,76,0,0.36,CN,2021-09-16 23:55:31,clear sky
445,Capaci,38.1711,13.2393,302.93,27,0,0.89,IT,2021-09-16 23:51:13,clear sky
446,Taoudenni,22.6783,-3.9836,308.93,22,79,4.48,ML,2021-09-16 23:55:32,broken clouds
447,Torbay,47.6666,-52.7314,290.75,92,75,5.66,CA,2021-09-16 23:55:32,broken clouds
448,Alta+Floresta,-9.8756,-56.0861,299.47,48,65,1.63,BR,2021-09-16 23:55:33,broken clouds
449,Puerto+Escondido,15.85,-97.0667,300.67,82,100,1.53,MX,2021-09-16 23:55:33,overcast clouds
450,Copiapo,-27.3667,-70.3333,283.98,53,0,0.64,CL,2021-09-16 23:55:34,clear sky
451,Coquimbo,-29.9533,-71.3436,286.0,87,75,4.12,CL,2021-09-16 23:51:46,broken clouds
452,Uglich,57.5275,38.3317,277.95,87,100,1.85,RU,2021-09-16 23:55:35,overcast clouds
453,Bandipur,27.9333,84.4167,289.74,98,100,1.52,NP,2021-09-16 23:55:35,overcast clouds
454,Kokopo,-4.352,152.2633,302.37,62,14,4.74,PG,2021-09-16 23:49:32,few clouds
455,Petropavlovsk-Kamchatskiy,53.0452,158.6483,286.48,54,0,4.0,RU,2021-09-16 23:47:17,clear sky
456,Masyaf,35.0653,36.3406,292.18,87,9,2.32,SY,2021-09-16 23:55:36,clear sky
457,Forssa,60.8146,23.6215,280.32,75,100,2.76,FI,2021-09-16 23:55:36,overcast clouds
458,Saint-Joseph,-21.3667,55.6167,293.35,79,22,1.35,RE,2021-09-16 23:44:09,few clouds
459,Nizhniy+Kuranakh,58.8353,125.4869,276.09,99,100,5.04,RU,2021-09-16 23:55:37,moderate rain
460,Malkangiri,18.35,81.9,296.01,92,100,0.4,IN,2021-09-16 23:55:37,overcast clouds
461,Aripuana,-9.1667,-60.6333,298.59,69,59,1.38,BR,2021-09-16 23:48:01,broken clouds
462,Waw,7.7029,27.9953,295.04,96,100,1.66,SS,2021-09-16 23:55:38,light rain
463,Sarh,9.1429,18.3923,298.1,78,20,5.14,TD,2021-09-16 23:55:39,thunderstorm
464,Mehamn,71.0357,27.8492,277.9,78,100,4.51,NO,2021-09-16 23:55:39,overcast clouds
465,Jinchang,38.4953,102.1739,290.29,63,52,0.93,CN,2021-09-16 23:50:44,broken clouds
466,Messina,38.1933,15.5497,299.94,48,0,0.89,IT,2021-09-16 23:54:19,clear sky
467,Sola,-13.8833,167.55,301.52,84,75,2.06,VU,2021-09-16 23:55:40,broken clouds
468,Coahuayana,18.7333,-103.6833,300.52,86,93,1.53,MX,2021-09-16 23:49:44,overcast clouds
469,Lola,7.8,-8.5333,294.13,97,36,1.1,GN,2021-09-16 23:55:41,scattered clouds
470,Koch+Bihar,26.3167,89.4333,297.45,88,97,2.36,IN,2021-09-16 23:55:41,overcast clouds
471,Lavrentiya,65.5833,-171.0,276.0,61,96,1.74,RU,2021-09-16 23:49:09,overcast clouds
472,Kautokeino,69.0125,23.0412,274.9,83,100,5.18,NO,2021-09-16 23:55:42,overcast clouds
473,Longview,32.5007,-94.7405,304.25,59,40,4.63,US,2021-09-16 23:51:00,scattered clouds
474,Sharjah,25.3573,55.4033,305.14,70,0,1.03,AE,2021-09-16 23:52:20,clear sky
475,Morondava,-20.2833,44.2833,295.92,83,5,1.54,MG,2021-09-16 23:50:54,clear sky
476,Honiara,-9.4333,159.95,303.37,65,86,3.35,SB,2021-09-16 23:55:44,overcast clouds
477,Khovu-Aksy,51.1333,93.6,282.33,56,100,0.69,RU,2021-09-16 23:55:44,overcast clouds
478,Antofagasta,-23.65,-70.4,286.75,82,42,3.16,CL,2021-09-16 23:55:16,scattered clouds
479,Patawag,8.1064,122.6208,297.44,93,100,2.57,PH,2021-09-16 23:55:45,moderate rain
480,Ternate,0.8,127.4,298.62,88,100,5.28,ID,2021-09-16 23:49:55,overcast clouds
481,Clonakilty,51.6231,-8.8706,289.71,96,100,8.45,IE,2021-09-16 23:48:22,overcast clouds
482,Tokur,53.1333,132.9,277.73,78,73,3.42,RU,2021-09-16 23:55:46,broken clouds
483,Shitanjing,39.2342,106.3439,289.94,63,100,2.09,CN,2021-09-16 23:55:46,overcast clouds
484,Santa+Cruz+Del+Norte,23.1539,-81.9236,299.82,73,67,3.06,CU,2021-09-16 23:55:47,broken clouds
485,Kupang,-10.1667,123.5833,301.47,69,20,5.14,ID,2021-09-16 23:55:47,few clouds
486,Iskateley,67.6803,53.1512,278.12,67,100,5.33,RU,2021-09-16 23:55:48,overcast clouds
487,Muros,42.7762,-9.0603,291.61,88,2,1.69,ES,2021-09-16 23:48:02,clear sky
488,Plettenberg+Bay,-34.0527,23.3716,283.33,79,7,3.78,ZA,2021-09-16 23:55:48,clear sky
489,Jiuquan,39.7432,98.5174,291.9,34,16,0.5,CN,2021-09-16 23:55:49,few clouds
490,Oktyabrskiy,54.4815,53.471,280.01,82,100,5.52,RU,2021-09-16 23:48:18,overcast clouds
491,Udachnyy,66.4167,112.4,274.47,85,43,7.56,RU,2021-09-16 23:55:50,scattered clouds
492,Bafq,31.6128,55.4107,297.04,10,0,0.72,IR,2021-09-16 23:55:50,clear sky
493,Tiarei,-17.5333,-149.3333,302.16,70,6,8.86,PF,2021-09-16 23:55:51,clear sky
494,Golden,39.7555,-105.2211,305.5,17,75,1.79,US,2021-09-16 23:55:19,broken clouds
495,Brewster,41.3973,-73.6171,295.46,88,96,2.23,US,2021-09-16 23:55:51,overcast clouds
496,Acurenam,1.0322,10.6488,292.98,99,100,1.09,GQ,2021-09-16 23:55:52,overcast clouds
497,Shache,38.4167,77.2406,293.2,26,0,0.93,CN,2021-09-16 23:55:52,clear sky
498,Joshimath,30.5667,79.5667,292.69,85,90,0.75,IN,2021-09-16 23:55:53,overcast clouds
499,Jyvaskyla,62.2415,25.7209,278.35,90,90,1.03,FI,2021-09-16 23:55:53,overcast clouds
500,Yumen,40.2833,97.2,291.42,33,1,0.8,CN,2021-09-16 23:55:54,clear sky
501,Yeppoon,-23.1333,150.7333,296.03,57,3,4.72,AU,2021-09-16 23:46:17,clear sky
502,Ritchie,-29.038,24.6028,279.71,47,3,4.85,ZA,2021-09-16 23:55:55,clear sky
503,Mathbaria,22.2876,89.9593,299.43,87,100,2.08,BD,2021-09-16 23:55:55,moderate rain
504,Cap-Aux-Meules,47.3821,-61.8597,286.18,88,1,2.57,CA,2021-09-16 23:55:56,clear sky
505,Opole,50.5,18.0,290.69,91,98,4.11,PL,2021-09-16 23:55:57,moderate rain
506,Cairns,-16.9167,145.7667,300.43,63,75,4.63,AU,2021-09-16 23:55:17,broken clouds
507,Nosy+Varika,-20.5833,48.5333,292.69,91,15,3.7,MG,2021-09-16 23:55:57,few clouds
508,Port+Lincoln,-34.7333,135.8667,290.84,50,5,8.95,AU,2021-09-16 23:55:58,clear sky
509,Odweyne,9.4092,45.064,299.16,50,98,5.14,SO,2021-09-16 23:55:58,overcast clouds
510,Moerai,-22.4333,-151.3333,295.56,69,1,7.96,PF,2021-09-16 23:55:59,clear sky
511,Kropotkin,45.4375,40.5756,287.96,81,100,3.04,RU,2021-09-16 23:55:59,overcast clouds
512,Kirkland+Lake,48.1446,-80.0377,292.31,52,19,3.88,CA,2021-09-16 23:56:00,few clouds
513,Adrar,20.5022,-10.0711,308.98,18,96,2.75,MR,2021-09-16 23:56:00,overcast clouds
514,Sovetskiy,61.3614,63.5842,276.94,97,100,6.62,RU,2021-09-16 23:56:01,light rain
515,San+Juan+Del+Sur,11.2529,-85.8705,302.27,84,75,0.0,NI,2021-09-16 23:56:01,broken clouds
516,Nangomba,-10.9,38.5,294.45,78,31,2.32,TZ,2021-09-16 23:56:02,scattered clouds
517,Dakar,14.6937,-17.4441,301.22,89,0,1.03,SN,2021-09-16 23:56:02,clear sky
518,Nemuro,43.3236,145.575,287.39,67,100,6.58,JP,2021-09-16 23:47:58,overcast clouds
519,Iquique,-20.2208,-70.1431,288.17,77,43,0.85,CL,2021-09-16 23:56:03,scattered clouds
520,Daura,11.5538,11.4085,297.46,75,100,4.45,NG,2021-09-16 23:56:03,overcast clouds
521,Moramanga,-18.9333,48.2,288.74,85,99,0.71,MG,2021-09-16 23:56:04,overcast clouds
522,Dubbo,-32.25,148.6167,290.22,63,0,4.63,AU,2021-09-16 23:56:04,clear sky
523,Luangwa,-15.6167,30.4167,295.18,37,38,1.25,ZM,2021-09-16 23:56:05,scattered clouds
524,Lososina,48.9975,140.3106,286.96,90,100,2.86,RU,2021-09-16 23:56:05,overcast clouds
525,Kemijarvi,66.7131,27.4306,276.03,78,66,0.23,FI,2021-09-16 23:56:06,broken clouds
526,Saint+George,37.1041,-113.5841,309.61,11,1,0.45,US,2021-09-16 23:46:16,clear sky
527,Ntoum,0.3833,9.7833,296.88,90,100,1.17,GA,2021-09-16 23:56:06,overcast clouds
528,Mehran,33.1222,46.1646,300.86,17,0,5.72,IR,2021-09-16 23:56:07,clear sky
529,Ushtobe,45.2514,77.9838,288.8,43,0,2.09,KZ,2021-09-16 23:56:07,clear sky
530,West+Odessa,31.8424,-102.4988,306.31,34,0,6.97,US,2021-09-16 23:56:08,clear sky
531,Tacuarembo,-31.7333,-55.9833,284.03,86,0,2.37,UY,2021-09-16 23:52:12,clear sky
532,Malakal,9.5334,31.6605,296.05,93,96,1.11,SS,2021-09-16 23:56:09,light rain
533,Udayagiri,20.1333,84.3833,294.23,91,100,1.13,IN,2021-09-16 23:56:09,overcast clouds
534,Porto+Novo,6.4965,2.6036,300.05,91,34,1.72,BJ,2021-09-16 23:47:59,scattered clouds
535,Totness,5.8833,-56.3167,299.89,80,4,4.37,SR,2021-09-16 23:56:10,clear sky
536,Vallenar,-28.5708,-70.7581,289.5,50,0,1.24,CL,2021-09-16 23:54:06,clear sky
537,Nyurba,63.2842,118.3319,278.34,68,100,2.87,RU,2021-09-16 23:56:10,overcast clouds
538,Sioux+Lookout,50.1001,-91.917,287.36,94,90,0.0,CA,2021-09-16 23:49:40,overcast clouds
539,Toppenish,46.3774,-120.3087,294.83,30,3,2.02,US,2021-09-16 23:56:11,clear sky
540,Hulan+Ergi,47.2042,123.6333,290.09,63,16,3.54,CN,2021-09-16 23:56:12,few clouds
541,Kaitangata,-46.2817,169.8464,280.51,55,99,3.28,NZ,2021-09-16 23:46:57,overcast clouds
542,Blythe,33.6103,-114.5964,314.28,8,0,7.01,US,2021-09-16 23:56:12,clear sky
543,French+Harbor,16.35,-86.4333,304.15,85,20,0.89,HN,2021-09-16 23:56:13,few clouds
544,Vagay,57.9375,69.0217,276.4,97,43,2.2,RU,2021-09-16 23:56:13,scattered clouds
545,Kavaratti,10.5669,72.642,300.63,79,80,5.9,IN,2021-09-16 23:46:24,broken clouds
546,Khorixas,-20.3667,14.9667,290.31,27,3,1.45,NA,2021-09-16 23:56:14,clear sky
547,Nikki,9.9401,3.2108,294.95,99,94,1.47,BJ,2021-09-16 23:56:15,heavy intensity rain
548,Batagay-Alyta,67.8006,130.4114,276.72,95,100,2.92,RU,2021-09-16 23:56:15,light rain
549,Arlit,18.7369,7.3853,306.17,15,0,4.79,NE,2021-09-16 23:56:15,clear sky
550,Nova+Odesa,47.3078,31.7851,287.44,42,4,1.23,UA,2021-09-16 23:56:16,clear sky
551,Stephenville,32.2207,-98.2023,304.34,45,40,4.12,US,2021-09-16 23:54:05,scattered clouds
552,Sembakung,3.8167,117.25,298.11,89,100,0.09,ID,2021-09-16 23:51:05,overcast clouds
553,Kirakira,-10.4544,161.9205,301.6,73,25,5.4,SB,2021-09-16 23:47:56,scattered clouds
554,Penarroya-Pueblonuevo,38.3,-5.2667,292.29,59,60,0.93,ES,2021-09-16 23:56:18,broken clouds
555,Yinchuan,38.4681,106.2731,292.1,55,100,1.55,CN,2021-09-16 23:51:23,overcast clouds
556,Margate,51.3813,1.3862,289.09,87,79,0.45,GB,2021-09-16 23:47:50,broken clouds
557,Daru,-9.0763,143.2092,298.3,78,100,8.77,PG,2021-09-16 23:56:20,overcast clouds
558,Shimanovsk,52.0,127.7,283.41,67,37,3.82,RU,2021-09-16 23:56:21,scattered clouds
559,Dwarka,22.2394,68.9678,300.57,89,100,6.98,IN,2021-09-16 23:48:30,overcast clouds
560,Quelimane,-17.8786,36.8883,297.12,94,0,2.57,MZ,2021-09-16 23:56:21,clear sky
561,Ashtian,34.5217,50.0019,291.57,18,0,2.32,IR,2021-09-16 23:56:22,clear sky
562,Banda+Aceh,5.5577,95.3222,298.54,81,62,1.24,ID,2021-09-16 23:49:47,broken clouds
563,North+Bend,43.4065,-124.2243,296.06,62,11,6.2,US,2021-09-16 23:56:23,few clouds
564,Liku,-0.7275,119.8922,297.0,92,100,1.99,ID,2021-09-16 23:56:23,light rain
565,Zhanaozen,43.3,52.8,294.56,42,31,10.76,KZ,2021-09-16 23:56:23,scattered clouds
566,Saint-Francois,46.4154,3.9054,289.84,94,75,1.03,FR,2021-09-16 23:56:24,broken clouds
567,Alcaniz,41.05,-0.1333,292.45,61,46,3.24,ES,2021-09-16 23:56:25,scattered clouds
568,Zhigansk,66.7697,123.3711,279.47,64,99,5.21,RU,2021-09-16 23:56:25,overcast clouds
569,Tombouctou,20.0,-3.0,307.14,31,77,3.47,ML,2021-09-16 23:56:26,broken clouds
570,Bairiki,1.3292,172.9752,304.15,66,20,5.14,KI,2021-09-16 23:56:26,few clouds
571,Kawalu,-7.3817,108.2082,296.13,91,67,0.45,ID,2021-09-16 23:56:27,broken clouds
572,Ulety,51.3572,112.4849,283.02,73,63,1.34,RU,2021-09-16 23:56:28,broken clouds
573,Eureka,40.8021,-124.1637,290.48,68,2,2.68,US,2021-09-16 23:48:52,clear sky
574,Palmer,42.1584,-72.3287,294.99,77,90,2.57,US,2021-09-16 23:47:20,overcast clouds
575,Reserva,-24.6503,-50.8506,286.89,92,97,2.75,BR,2021-09-16 23:56:29,overcast clouds
576,Kintampo,8.0563,-1.7306,295.48,89,35,0.71,GH,2021-09-16 23:56:29,scattered clouds
577,Gravdal,68.1214,13.5031,284.09,73,100,3.32,NO,2021-09-16 23:56:30,overcast clouds
578,Narrabri,-30.3167,149.7833,292.2,48,0,8.23,AU,2021-09-16 23:56:30,clear sky
579,Marrakesh,31.6315,-8.0083,295.19,64,20,3.09,MA,2021-09-16 23:56:31,few clouds
580,Comodoro+Rivadavia,-45.8667,-67.5,290.07,39,0,5.66,AR,2021-09-16 23:48:19,clear sky
581,Khorramabad,33.4878,48.3558,294.51,24,1,1.57,IR,2021-09-16 23:56:32,clear sky
582,Ibia,-19.4783,-46.5389,300.85,29,69,4.13,BR,2021-09-16 23:56:32,broken clouds
583,Careiro+Da+Varzea,-3.2003,-59.8119,301.49,64,33,1.19,BR,2021-09-16 23:56:33,scattered clouds
584,Marawi,7.9986,124.2928,294.62,88,99,0.91,PH,2021-09-16 23:56:33,overcast clouds
585,Nzega,-2.479,29.5564,288.21,86,96,1.65,RW,2021-09-16 23:56:34,light rain
586,Manta,-0.95,-80.7333,298.03,78,20,5.66,EC,2021-09-16 23:56:35,few clouds
587,Kankon,15.0167,74.0167,299.04,86,92,0.41,IN,2021-09-16 23:56:36,overcast clouds
588,Sergeyevka,53.88,67.4158,278.19,66,3,3.4,KZ,2021-09-16 23:56:38,clear sky
589,Husavik,66.0449,-17.3389,283.1,81,100,5.99,IS,2021-09-16 23:56:39,moderate rain
590,Masuguru,-11.3667,38.4167,295.3,75,31,2.48,TZ,2021-09-16 23:56:39,scattered clouds
591,Narsaq,60.9167,-46.05,276.4,74,99,2.29,GL,2021-09-16 23:56:40,overcast clouds
592,Marovoay,-16.1,46.6333,295.23,80,23,0.99,MG,2021-09-16 23:56:40,few clouds
593,Gat,31.61,34.7642,295.59,72,0,0.32,IL,2021-09-16 23:48:17,clear sky
594,Houma,29.5958,-90.7195,302.04,87,75,3.6,US,2021-09-16 23:56:42,broken clouds
595,Dukat,62.55,155.55,284.02,51,52,4.25,RU,2021-09-16 23:56:42,broken clouds
596,Valuyki,50.2035,38.1067,280.92,55,31,1.09,RU,2021-09-16 23:56:43,scattered clouds
597,Wanning,18.8003,110.3967,300.39,79,41,3.08,CN,2021-09-16 23:48:01,scattered clouds
598,Gazanjyk,39.2446,55.5154,295.68,65,0,1.8,TM,2021-09-16 23:56:43,clear sky
599,Mayo,38.8876,-76.5119,297.24,91,20,2.24,US,2021-09-16 23:47:00,few clouds
600,Scottsbluff,41.8666,-103.6672,306.39,17,64,6.71,US,2021-09-16 23:56:44,broken clouds
601,Seoul,37.5683,126.9778,295.81,77,75,3.09,KR,2021-09-16 23:56:45,broken clouds
602,Limbang,4.75,115.0,298.21,82,100,0.38,MY,2021-09-16 23:56:45,heavy intensity rain
603,Gizo,-8.103,156.8419,301.09,76,90,4.92,SB,2021-09-16 23:56:46,light rain
604,Along,28.1667,94.7667,295.21,98,100,0.7,IN,2021-09-16 23:56:46,overcast clouds
605,Marzuq,14.4,46.4667,298.83,18,79,1.17,YE,2021-09-16 23:47:32,broken clouds
606,Kushiro,42.975,144.3747,286.68,88,75,1.03,JP,2021-09-16 23:56:47,fog
607,Sitka,57.0531,-135.33,286.09,54,75,7.72,US,2021-09-16 23:43:43,light rain
608,Nokaneng,-19.6667,22.2667,293.21,16,23,3.96,BW,2021-09-16 23:56:48,few clouds
609,Foumban,5.7291,10.9001,290.12,96,84,1.16,CM,2021-09-16 23:56:50,light rain
610,Bemidji,47.4736,-94.8803,290.02,88,75,1.54,US,2021-09-16 23:50:47,broken clouds
611,Manacor,39.5696,3.2096,296.67,77,14,1.93,ES,2021-09-16 23:56:52,few clouds
612,Nhulunbuy,-12.2333,136.7667,301.49,61,40,7.2,AU,2021-09-16 23:56:52,scattered clouds
613,Valreas,44.3837,4.9908,291.44,94,84,2.72,FR,2021-09-16 23:56:52,broken clouds
614,Brugg,47.481,8.2087,290.16,93,90,0.88,CH,2021-09-16 23:56:53,overcast clouds
615,Vila+Velha,-20.3297,-40.2925,297.12,88,90,3.6,BR,2021-09-16 23:56:53,overcast clouds
616,Noshiro,40.2039,140.0242,291.67,64,100,2.13,JP,2021-09-16 23:56:54,overcast clouds
617,Isiro,2.7739,27.616,291.53,99,98,1.2,CD,2021-09-16 23:56:55,light rain
618,Namatanai,-3.6667,152.4333,302.07,66,44,1.79,PG,2021-09-16 23:56:56,scattered clouds
619,Karratha,-20.7377,116.8463,295.65,30,46,4.81,AU,2021-09-16 23:55:19,scattered clouds
620,Saint-Pierre,-21.3393,55.4781,293.95,67,0,2.06,RE,2021-09-16 23:47:51,clear sky
621,Piacabucu,-10.4056,-36.4344,296.75,86,89,5.39,BR,2021-09-16 23:56:57,overcast clouds
622,Galveston,29.3669,-94.9669,301.0,85,98,0.45,US,2021-09-16 23:52:53,overcast clouds
623,Lethem,3.3803,-59.7968,299.6,71,65,1.12,GY,2021-09-16 23:53:47,broken clouds
624,Partenit,44.578,34.3446,287.71,46,10,2.46,UA,2021-09-16 23:56:58,clear sky
625,Changde,29.0464,111.6783,297.81,72,79,1.73,CN,2021-09-16 23:56:59,light rain
626,Anamur,36.0751,32.8369,295.95,57,14,3.12,TR,2021-09-16 23:54:35,few clouds
627,Jardim,-21.4803,-56.1381,298.55,68,72,1.5,BR,2021-09-16 23:50:00,broken clouds
628,Arcata,40.8665,-124.0828,290.48,68,5,0.89,US,2021-09-16 23:57:00,clear sky
629,Oxelosund,58.6706,17.1015,283.44,87,90,4.63,SE,2021-09-16 23:57:02,light intensity drizzle
630,Lermontovka,47.1453,134.3383,288.81,85,84,2.19,RU,2021-09-16 23:57:02,broken clouds
631,Aylmer,42.7668,-80.983,295.18,62,1,3.84,CA,2021-09-16 23:57:03,clear sky
632,Ixtapa,20.7,-105.2,298.83,100,90,1.54,MX,2021-09-16 23:57:03,overcast clouds
633,Bilibino,68.0546,166.4372,273.2,77,95,2.97,RU,2021-09-16 23:57:04,overcast clouds
634,Ridgecrest,35.6225,-117.6709,309.64,9,40,5.36,US,2021-09-16 23:52:21,haze
635,Ulaanbaatar,47.9077,106.8832,277.22,87,0,1.0,MN,2021-09-16 23:55:20,clear sky
636,Northam,51.0333,-4.2167,288.76,94,100,3.83,GB,2021-09-16 23:57:05,overcast clouds
637,Grindavik,63.8424,-22.4338,281.12,93,75,8.23,IS,2021-09-16 23:50:17,broken clouds
638,Bensonville,6.4461,-10.6125,296.52,91,34,0.88,LR,2021-09-16 23:57:06,scattered clouds
639,Taga,46.95,24.05,291.33,70,100,1.65,RO,2021-09-16 23:57:07,overcast clouds
640,Kendari,-3.945,122.4989,297.65,92,100,1.27,ID,2021-09-16 23:57:07,light rain
641,Andijon,40.7821,72.3442,292.75,23,0,2.58,UZ,2021-09-16 23:57:08,clear sky
642,Bafoulabe,13.8065,-10.8321,297.36,92,96,0.54,ML,2021-09-16 23:57:08,overcast clouds
643,Berdigestyakh,62.0989,126.6992,276.02,98,100,6.21,RU,2021-09-16 23:47:54,moderate rain
644,Bosansko+Grahovo,44.1794,16.3639,291.4,59,100,2.62,BA,2021-09-16 23:56:04,overcast clouds
645,Sirnach,47.4622,8.9976,288.99,97,100,1.58,CH,2021-09-16 23:57:10,overcast clouds
646,Morro+Agudo,-20.7314,-48.0578,300.16,33,47,5.35,BR,2021-09-16 23:57:10,scattered clouds
647,Hualmay,-11.0964,-77.6139,289.67,83,14,5.4,PE,2021-09-16 23:57:10,few clouds
648,El+Tigre,8.8875,-64.2454,299.78,63,81,4.05,VE,2021-09-16 23:57:11,broken clouds
649,Tabuk,17.4189,121.4443,298.92,87,100,1.12,PH,2021-09-16 23:51:36,overcast clouds
650,Umea,63.8284,20.2597,279.21,93,90,1.54,SE,2021-09-16 23:57:12,overcast clouds
651,Mbanza-Ngungu,-5.25,14.8667,296.86,70,77,2.88,CD,2021-09-16 23:57:12,broken clouds
652,Keti+Bandar,24.1447,67.4497,301.29,87,1,3.45,PK,2021-09-16 23:57:13,clear sky
653,Soufriere,13.8562,-61.0566,301.93,73,20,7.72,LC,2021-09-16 23:57:13,few clouds
654,Ust-Dzheguta,44.0834,41.9763,283.47,85,100,2.53,RU,2021-09-16 23:57:15,overcast clouds
655,Sibolga,1.7427,98.7792,298.02,82,65,1.19,ID,2021-09-16 23:43:48,broken clouds
656,Bogandinskiy,56.8937,65.8938,276.3,83,88,3.81,RU,2021-09-16 23:57:15,overcast clouds
657,Nizhnedevitsk,51.5419,38.3657,276.18,62,33,0.58,RU,2021-09-16 23:57:16,scattered clouds
658,Palauig,15.435,119.9045,300.54,73,99,0.92,PH,2021-09-16 23:57:16,overcast clouds
659,Batemans+Bay,-35.7167,150.1833,291.59,51,0,2.57,AU,2021-09-16 23:46:20,clear sky
660,Anshun,26.25,105.9333,291.55,96,100,1.28,CN,2021-09-16 23:57:17,overcast clouds
661,Shahreza,32.0339,51.8794,291.27,15,0,1.04,IR,2021-09-16 23:57:18,clear sky
662,Matara,5.9485,80.5353,298.7,90,99,3.25,LK,2021-09-16 23:57:18,overcast clouds
663,Maarianhamina,60.0973,19.9348,282.07,53,20,2.57,AX,2021-09-16 23:57:19,few clouds
664,Ndele,8.4109,20.6473,294.75,96,100,1.63,CF,2021-09-16 23:48:00,overcast clouds
665,Barkly+West,-28.5354,24.5215,279.75,44,0,6.46,ZA,2021-09-16 23:57:20,clear sky
666,Ha+Tinh,18.3333,105.9,299.29,89,100,0.98,VN,2021-09-16 23:57:20,overcast clouds
667,Bijawar,24.6333,79.5,296.33,94,100,4.54,IN,2021-09-16 23:57:21,overcast clouds
668,Brae,60.3964,-1.353,287.1,92,92,6.57,GB,2021-09-16 23:57:21,overcast clouds
669,Bilma,18.6853,12.9164,304.57,16,1,4.73,NE,2021-09-16 23:49:34,clear sky
670,Richards+Bay,-28.783,32.0377,289.1,88,100,5.52,ZA,2021-09-16 23:57:22,light rain
671,Pokhara,28.2333,83.9833,292.24,96,100,0.55,NP,2021-09-16 23:57:22,overcast clouds
672,Ponta+Delgada,37.7333,-25.6667,294.55,83,20,1.03,PT,2021-09-16 23:57:23,few clouds
673,Fuyu,45.1833,124.8167,290.2,65,0,3.39,CN,2021-09-16 23:57:23,clear sky
674,Zinder,13.8072,8.9881,302.03,45,44,3.56,NE,2021-09-16 23:57:24,scattered clouds
675,Pulandian,39.3953,121.9669,293.22,78,100,3.48,CN,2021-09-16 23:57:25,light rain
676,Porbandar,21.6422,69.6093,300.08,88,100,6.25,IN,2021-09-16 23:57:25,overcast clouds
677,De+Aar,-30.6497,24.0123,279.04,77,0,4.67,ZA,2021-09-16 23:57:26,clear sky
678,Mackay,-21.15,149.2,298.17,68,40,2.06,AU,2021-09-16 23:57:26,scattered clouds
679,Dongsheng,39.8161,109.9776,287.24,61,90,2.2,CN,2021-09-16 23:50:51,overcast clouds
